id	store_code	availability	quantity	price
272776	SA201617	in_stock		55.00 INR
272776	11523617060201819870	in_stock		55.00 INR
272774	SA201617	in_stock		66.00 INR
272774	11523617060201819870	in_stock		66.00 INR
990021	SA201617	in_stock		1010.00 INR
990021	11523617060201819870	in_stock		1010.00 INR
272772	SA201617	in_stock		38.00 INR
272772	11523617060201819870	in_stock		38.00 INR
990020	SA201617	in_stock		770.00 INR
990020	11523617060201819870	in_stock		770.00 INR
990017	SA201617	in_stock		1290.00 INR
990017	11523617060201819870	in_stock		1290.00 INR
990008	SA201617	in_stock		1050.00 INR
990008	11523617060201819870	in_stock		1050.00 INR
990016	SA201617	in_stock		1410.00 INR
990016	11523617060201819870	in_stock		1410.00 INR
990005	SA201617	in_stock		1050.00 INR
990005	11523617060201819870	in_stock		1050.00 INR
990007	SA201617	in_stock		1050.00 INR
990007	11523617060201819870	in_stock		1050.00 INR
990006	SA201617	in_stock		1050.00 INR
990006	11523617060201819870	in_stock		1050.00 INR
990002	SA201617	in_stock		1050.00 INR
990002	11523617060201819870	in_stock		1050.00 INR
990003	SA201617	in_stock		1050.00 INR
990003	11523617060201819870	in_stock		1050.00 INR
990001	SA201617	in_stock		1050.00 INR
990001	11523617060201819870	in_stock		1050.00 INR
990004	SA201617	in_stock		1050.00 INR
990004	11523617060201819870	in_stock		1050.00 INR
230186	SA201617	on_display_to_order		585000.00 INR
230186	11523617060201819870	on_display_to_order		585000.00 INR
230172	SA201617	on_display_to_order		615000.00 INR
230172	11523617060201819870	on_display_to_order		615000.00 INR
230162	SA201617	on_display_to_order		1125000.00 INR
230162	11523617060201819870	on_display_to_order		1125000.00 INR
230152	SA201617	on_display_to_order		155000.00 INR
230152	11523617060201819870	on_display_to_order		155000.00 INR
230114	SA201617	on_display_to_order		755000.00 INR
230114	11523617060201819870	on_display_to_order		755000.00 INR
229932	SA201617	on_display_to_order		985000.00 INR
229932	11523617060201819870	on_display_to_order		985000.00 INR
229930	SA201617	on_display_to_order		1865000.00 INR
229930	11523617060201819870	on_display_to_order		1865000.00 INR
229928	SA201617	on_display_to_order		2155000.00 INR
229928	11523617060201819870	on_display_to_order		2155000.00 INR
229916	SA201617	on_display_to_order		1965000.00 INR
229916	11523617060201819870	on_display_to_order		1965000.00 INR
229854	SA201617	in_stock		65000.00 INR
229854	11523617060201819870	in_stock		65000.00 INR
229852	SA201617	in_stock		80000.00 INR
229852	11523617060201819870	in_stock		80000.00 INR
229850	SA201617	in_stock		95000.00 INR
229850	11523617060201819870	in_stock		95000.00 INR
229848	SA201617	in_stock		105000.00 INR
229848	11523617060201819870	in_stock		105000.00 INR
229846	SA201617	in_stock		105000.00 INR
229846	11523617060201819870	in_stock		105000.00 INR
229844	SA201617	in_stock		90000.00 INR
229844	11523617060201819870	in_stock		90000.00 INR
229832	SA201617	in_stock		65000.00 INR
229832	11523617060201819870	in_stock		65000.00 INR
229780	SA201617	in_stock		105000.00 INR
229780	11523617060201819870	in_stock		105000.00 INR
229778	SA201617	in_stock		95000.00 INR
229778	11523617060201819870	in_stock		95000.00 INR
229776	SA201617	in_stock		85000.00 INR
229776	11523617060201819870	in_stock		85000.00 INR
229774	SA201617	in_stock		75000.00 INR
229774	11523617060201819870	in_stock		75000.00 INR
229772	SA201617	in_stock		175000.00 INR
229772	11523617060201819870	in_stock		175000.00 INR
229689	SA201617	on_display_to_order		1965000.00 INR
229689	11523617060201819870	on_display_to_order		1965000.00 INR
229679	SA201617	on_display_to_order		1815000.00 INR
229679	11523617060201819870	on_display_to_order		1815000.00 INR
229669	SA201617	on_display_to_order		1715000.00 INR
229669	11523617060201819870	on_display_to_order		1715000.00 INR
229659	SA201617	on_display_to_order		1625000.00 INR
229659	11523617060201819870	on_display_to_order		1625000.00 INR
229629	SA201617	on_display_to_order		1725000.00 INR
229629	11523617060201819870	on_display_to_order		1725000.00 INR
229627	SA201617	on_display_to_order		3355000.00 INR
229627	11523617060201819870	on_display_to_order		3355000.00 INR
229625	SA201617	on_display_to_order		2425000.00 INR
229625	11523617060201819870	on_display_to_order		2425000.00 INR
229623	SA201617	on_display_to_order		2520000.00 INR
229623	11523617060201819870	on_display_to_order		2520000.00 INR
229621	SA201617	on_display_to_order		3525000.00 INR
229621	11523617060201819870	on_display_to_order		3525000.00 INR
229619	SA201617	on_display_to_order		2045000.00 INR
229619	11523617060201819870	on_display_to_order		2045000.00 INR
229617	SA201617	on_display_to_order		1385000.00 INR
229617	11523617060201819870	on_display_to_order		1385000.00 INR
229615	SA201617	on_display_to_order		415000.00 INR
229615	11523617060201819870	on_display_to_order		415000.00 INR
229613	SA201617	on_display_to_order		445000.00 INR
229613	11523617060201819870	on_display_to_order		445000.00 INR
229611	SA201617	on_display_to_order		425000.00 INR
229611	11523617060201819870	on_display_to_order		425000.00 INR
229591	SA201617	on_display_to_order		2625000.00 INR
229591	11523617060201819870	on_display_to_order		2625000.00 INR
229588	SA201617	on_display_to_order		1275000.00 INR
229588	11523617060201819870	on_display_to_order		1275000.00 INR
229416	SA201617	on_display_to_order		1935000.00 INR
229416	11523617060201819870	on_display_to_order		1935000.00 INR
229406	SA201617	on_display_to_order		2835000.00 INR
229406	11523617060201819870	on_display_to_order		2835000.00 INR
229396	SA201617	on_display_to_order		2285000.00 INR
229396	11523617060201819870	on_display_to_order		2285000.00 INR
229386	SA201617	on_display_to_order		1925000.00 INR
229386	11523617060201819870	on_display_to_order		1925000.00 INR
229384	SA201617	on_display_to_order		2725000.00 INR
229384	11523617060201819870	on_display_to_order		2725000.00 INR
229374	SA201617	on_display_to_order		1925000.00 INR
229374	11523617060201819870	on_display_to_order		1925000.00 INR
229363	SA201617	on_display_to_order		4725000.00 INR
229363	11523617060201819870	on_display_to_order		4725000.00 INR
229361	SA201617	on_display_to_order		2775000.00 INR
229361	11523617060201819870	on_display_to_order		2775000.00 INR
229351	SA201617	on_display_to_order		3185000.00 INR
229351	11523617060201819870	on_display_to_order		3185000.00 INR
229341	SA201617	on_display_to_order		5345000.00 INR
229341	11523617060201819870	on_display_to_order		5345000.00 INR
229331	SA201617	on_display_to_order		2365000.00 INR
229331	11523617060201819870	on_display_to_order		2365000.00 INR
229320	SA201617	on_display_to_order		2735000.00 INR
229320	11523617060201819870	on_display_to_order		2735000.00 INR
229318	SA201617	on_display_to_order		3855000.00 INR
229318	11523617060201819870	on_display_to_order		3855000.00 INR
229222	SA201617	in_stock		256000.00 INR
229222	11523617060201819870	in_stock		256000.00 INR
229218	SA201617	in_stock		455000.00 INR
229218	11523617060201819870	in_stock		455000.00 INR
229216	SA201617	in_stock		455000.00 INR
229216	11523617060201819870	in_stock		455000.00 INR
229214	SA201617	in_stock		236000.00 INR
229214	11523617060201819870	in_stock		236000.00 INR
229212	SA201617	in_stock		225000.00 INR
229212	11523617060201819870	in_stock		225000.00 INR
229210	SA201617	in_stock		215000.00 INR
229210	11523617060201819870	in_stock		215000.00 INR
228825	SA201617	on_display_to_order		2555000.00 INR
228825	11523617060201819870	on_display_to_order		2555000.00 INR
228284	SA201617	in_stock		365000.00 INR
228284	11523617060201819870	in_stock		365000.00 INR
228281	SA201617	in_stock		1625000.00 INR
228281	11523617060201819870	in_stock		1625000.00 INR
3825	SA201617	on_display_to_order		1290000.00 INR
3825	11523617060201819870	on_display_to_order		1290000.00 INR
3823	SA201617	on_display_to_order		2640000.00 INR
3823	11523617060201819870	on_display_to_order		2640000.00 INR
3821	SA201617	on_display_to_order		1365000.00 INR
3821	11523617060201819870	on_display_to_order		1365000.00 INR
3819	SA201617	on_display_to_order		2585000.00 INR
3819	11523617060201819870	on_display_to_order		2585000.00 INR
3817	SA201617	on_display_to_order		3740000.00 INR
3817	11523617060201819870	on_display_to_order		3740000.00 INR
3815	SA201617	on_display_to_order		3575000.00 INR
3815	11523617060201819870	on_display_to_order		3575000.00 INR
3813	SA201617	on_display_to_order		2965000.00 INR
3813	11523617060201819870	on_display_to_order		2965000.00 INR
3811	SA201617	on_display_to_order		3335000.00 INR
3811	11523617060201819870	on_display_to_order		3335000.00 INR
3809	SA201617	on_display_to_order		2825000.00 INR
3809	11523617060201819870	on_display_to_order		2825000.00 INR
1465	SA201617	on_display_to_order		4515000.00 INR
1465	11523617060201819870	on_display_to_order		4515000.00 INR
1463	SA201617	in_stock		455000.00 INR
1463	11523617060201819870	in_stock		455000.00 INR
1461	SA201617	in_stock		1125000.00 INR
1461	11523617060201819870	in_stock		1125000.00 INR
1459	SA201617	in_stock		285000.00 INR
1459	11523617060201819870	in_stock		285000.00 INR
1457	SA201617	in_stock		225555.00 INR
1457	11523617060201819870	in_stock		225555.00 INR
1455	SA201617	in_stock		495000.00 INR
1455	11523617060201819870	in_stock		495000.00 INR
1453	SA201617	in_stock		825000.00 INR
1453	11523617060201819870	in_stock		825000.00 INR
1451	SA201617	in_stock		765000.00 INR
1451	11523617060201819870	in_stock		765000.00 INR
1449	SA201617	in_stock		1185000.00 INR
1449	11523617060201819870	in_stock		1185000.00 INR
1447	SA201617	in_stock		3255000.00 INR
1447	11523617060201819870	in_stock		3255000.00 INR
1445	SA201617	in_stock		215000.00 INR
1445	11523617060201819870	in_stock		215000.00 INR
1443	SA201617	in_stock		1555000.00 INR
1443	11523617060201819870	in_stock		1555000.00 INR
1441	SA201617	in_stock		235000.00 INR
1441	11523617060201819870	in_stock		235000.00 INR
1439	SA201617	in_stock		3325000.00 INR
1439	11523617060201819870	in_stock		3325000.00 INR
1437	SA201617	in_stock		2850000.00 INR
1437	11523617060201819870	in_stock		2850000.00 INR
1427	SA201617	in_stock		915000.00 INR
1427	11523617060201819870	in_stock		915000.00 INR
1425	SA201617	in_stock		4355000.00 INR
1425	11523617060201819870	in_stock		4355000.00 INR
1423	SA201617	in_stock		425000.00 INR
1423	11523617060201819870	in_stock		425000.00 INR
1421	SA201617	in_stock		455000.00 INR
1421	11523617060201819870	in_stock		455000.00 INR
1419	SA201617	in_stock		185000.00 INR
1419	11523617060201819870	in_stock		185000.00 INR
1417	SA201617	in_stock		255000.00 INR
1417	11523617060201819870	in_stock		255000.00 INR
1415	SA201617	in_stock		375000.00 INR
1415	11523617060201819870	in_stock		375000.00 INR
1413	SA201617	in_stock		285000.00 INR
1413	11523617060201819870	in_stock		285000.00 INR
1411	SA201617	in_stock		315000.00 INR
1411	11523617060201819870	in_stock		315000.00 INR
1409	SA201617	in_stock		345000.00 INR
1409	11523617060201819870	in_stock		345000.00 INR
1407	SA201617	in_stock		385000.00 INR
1407	11523617060201819870	in_stock		385000.00 INR
1405	SA201617	in_stock		275000.00 INR
1405	11523617060201819870	in_stock		275000.00 INR
1403	SA201617	in_stock		385000.00 INR
1403	11523617060201819870	in_stock		385000.00 INR
1401	SA201617	in_stock		2525000.00 INR
1401	11523617060201819870	in_stock		2525000.00 INR
1399	SA201617	in_stock		515000.00 INR
1399	11523617060201819870	in_stock		515000.00 INR
1389	SA201617	in_stock		635000.00 INR
1389	11523617060201819870	in_stock		635000.00 INR
1368	SA201617	in_stock		2795000.00 INR
1368	11523617060201819870	in_stock		2795000.00 INR
1366	SA201617	in_stock		5635000.00 INR
1366	11523617060201819870	in_stock		5635000.00 INR
1364	SA201617	in_stock		3445000.00 INR
1364	11523617060201819870	in_stock		3445000.00 INR
1362	SA201617	in_stock		3666000.00 INR
1362	11523617060201819870	in_stock		3666000.00 INR
1360	SA201617	in_stock		2535000.00 INR
1360	11523617060201819870	in_stock		2535000.00 INR
1358	SA201617	in_stock		2155000.00 INR
1358	11523617060201819870	in_stock		2155000.00 INR
1356	SA201617	in_stock		2545000.00 INR
1356	11523617060201819870	in_stock		2545000.00 INR
1354	SA201617	in_stock		1215000.00 INR
1354	11523617060201819870	in_stock		1215000.00 INR
1352	SA201617	in_stock		1325000.00 INR
1352	11523617060201819870	in_stock		1325000.00 INR
1350	SA201617	in_stock		925000.00 INR
1350	11523617060201819870	in_stock		925000.00 INR
1348	SA201617	in_stock		1325000.00 INR
1348	11523617060201819870	in_stock		1325000.00 INR
1346	SA201617	in_stock		865000.00 INR
1346	11523617060201819870	in_stock		865000.00 INR
1344	SA201617	in_stock		515000.00 INR
1344	11523617060201819870	in_stock		515000.00 INR
1334	SA201617	in_stock		3050000.00 INR
1334	11523617060201819870	in_stock		3050000.00 INR
1332	SA201617	in_stock		240000.00 INR
1332	11523617060201819870	in_stock		240000.00 INR
1330	SA201617	in_stock		525000.00 INR
1330	11523617060201819870	in_stock		525000.00 INR
1328	SA201617	in_stock		136000.00 INR
1328	11523617060201819870	in_stock		136000.00 INR
1326	SA201617	in_stock		134000.00 INR
1326	11523617060201819870	in_stock		134000.00 INR
1324	SA201617	in_stock		355000.00 INR
1324	11523617060201819870	in_stock		355000.00 INR
1322	SA201617	in_stock		300000.00 INR
1322	11523617060201819870	in_stock		300000.00 INR
1320	SA201617	in_stock		250000.00 INR
1320	11523617060201819870	in_stock		250000.00 INR
1318	SA201617	in_stock		270000.00 INR
1318	11523617060201819870	in_stock		270000.00 INR
1316	SA201617	in_stock		260000.00 INR
1316	11523617060201819870	in_stock		260000.00 INR
1314	SA201617	in_stock		360000.00 INR
1314	11523617060201819870	in_stock		360000.00 INR
1312	SA201617	in_stock		370000.00 INR
1312	11523617060201819870	in_stock		370000.00 INR
1310	SA201617	in_stock		280000.00 INR
1310	11523617060201819870	in_stock		280000.00 INR
1308	SA201617	in_stock		353000.00 INR
1308	11523617060201819870	in_stock		353000.00 INR
1298	SA201617	in_stock		250000.00 INR
1298	11523617060201819870	in_stock		250000.00 INR
1294	SA201617	in_stock		230000.00 INR
1294	11523617060201819870	in_stock		230000.00 INR
1295	SA201617	in_stock		285000.00 INR
1295	11523617060201819870	in_stock		285000.00 INR
1292	SA201617	in_stock		225000.00 INR
1292	11523617060201819870	in_stock		225000.00 INR
1290	SA201617	in_stock		230000.00 INR
1290	11523617060201819870	in_stock		230000.00 INR
1288	SA201617	in_stock		250000.00 INR
1288	11523617060201819870	in_stock		250000.00 INR
1285	SA201617	in_stock		245000.00 INR
1285	11523617060201819870	in_stock		245000.00 INR
1283	SA201617	in_stock		221000.00 INR
1283	11523617060201819870	in_stock		221000.00 INR
1281	SA201617	in_stock		215000.00 INR
1281	11523617060201819870	in_stock		215000.00 INR
1279	SA201617	in_stock		445000.00 INR
1279	11523617060201819870	in_stock		445000.00 INR
1277	SA201617	in_stock		437000.00 INR
1277	11523617060201819870	in_stock		437000.00 INR
1275	SA201617	in_stock		341000.00 INR
1275	11523617060201819870	in_stock		341000.00 INR
1273	SA201617	in_stock		315000.00 INR
1273	11523617060201819870	in_stock		315000.00 INR
1271	SA201617	in_stock		265000.00 INR
1271	11523617060201819870	in_stock		265000.00 INR
1060	SA201617	in_stock		265000.00 INR
1060	11523617060201819870	in_stock		265000.00 INR
1050	SA201617	in_stock		285000.00 INR
1050	11523617060201819870	in_stock		285000.00 INR
991	SA201617	in_stock		745000.00 INR
991	11523617060201819870	in_stock		745000.00 INR
981	SA201617	in_stock		135000.00 INR
981	11523617060201819870	in_stock		135000.00 INR
971	SA201617	in_stock		5155500.00 INR
971	11523617060201819870	in_stock		5155500.00 INR
961	SA201617	in_stock		955000.00 INR
961	11523617060201819870	in_stock		955000.00 INR
950	SA201617	in_stock		825000.00 INR
950	11523617060201819870	in_stock		825000.00 INR
939	SA201617	in_stock		525000.00 INR
939	11523617060201819870	in_stock		525000.00 INR
928	SA201617	in_stock		255000.00 INR
928	11523617060201819870	in_stock		255000.00 INR
899	SA201617	in_stock		335000.00 INR
899	11523617060201819870	in_stock		335000.00 INR
887	SA201617	in_stock		175000.00 INR
887	11523617060201819870	in_stock		175000.00 INR
635	SA201617	in_stock		415000.00 INR
635	11523617060201819870	in_stock		415000.00 INR
585	SA201617	in_stock		355000.00 INR
585	11523617060201819870	in_stock		355000.00 INR
porta-cabin-10x10	SA201617	in_stock		162250.00 INR
porta-cabin-10x10	11523617060201819870	in_stock		162250.00 INR
porta-cabin-20x8	SA201617	in_stock		259600.00 INR
porta-cabin-20x8	11523617060201819870	in_stock		259600.00 INR
porta-cabin-20x10	SA201617	in_stock		295000.00 INR
porta-cabin-20x10	11523617060201819870	in_stock		295000.00 INR
porta-cabin-20x12	SA201617	in_stock		339840.00 INR
porta-cabin-20x12	11523617060201819870	in_stock		339840.00 INR
porta-cabin-30x10	SA201617	in_stock		424800.00 INR
porta-cabin-30x10	11523617060201819870	in_stock		424800.00 INR
porta-cabin-40x8	SA201617	in_stock		443680.00 INR
porta-cabin-40x8	11523617060201819870	in_stock		443680.00 INR
porta-cabin-20x20	SA201617	in_stock		554600.00 INR
porta-cabin-20x20	11523617060201819870	in_stock		554600.00 INR
porta-cabin-40x10	SA201617	in_stock		554600.00 INR
porta-cabin-40x10	11523617060201819870	in_stock		554600.00 INR
porta-cabin-40x12	SA201617	in_stock		651360.00 INR
porta-cabin-40x12	11523617060201819870	in_stock		651360.00 INR
ms-porta-cabin-10x10	SA201617	in_stock		228920.00 INR
ms-porta-cabin-10x10	11523617060201819870	in_stock		228920.00 INR
ms-porta-cabin-20x8	SA201617	in_stock		365800.00 INR
ms-porta-cabin-20x8	11523617060201819870	in_stock		365800.00 INR
ms-porta-cabin-20x10	SA201617	in_stock		416540.00 INR
ms-porta-cabin-20x10	11523617060201819870	in_stock		416540.00 INR
ms-porta-cabin-20x12	SA201617	in_stock		479080.00 INR
ms-porta-cabin-20x12	11523617060201819870	in_stock		479080.00 INR
ms-porta-cabin-30x10	SA201617	in_stock		599440.00 INR
ms-porta-cabin-30x10	11523617060201819870	in_stock		599440.00 INR
ms-porta-cabin-40x8	SA201617	in_stock		625400.00 INR
ms-porta-cabin-40x8	11523617060201819870	in_stock		625400.00 INR
ms-porta-cabin-20x20	SA201617	in_stock		782340.00 INR
ms-porta-cabin-20x20	11523617060201819870	in_stock		782340.00 INR
ms-porta-cabin-40x10	SA201617	in_stock		782340.00 INR
ms-porta-cabin-40x10	11523617060201819870	in_stock		782340.00 INR
ms-porta-cabin-40x12	SA201617	in_stock		919220.00 INR
ms-porta-cabin-40x12	11523617060201819870	in_stock		919220.00 INR
steel-porta-cabin-10x10	SA201617	in_stock		233640.00 INR
steel-porta-cabin-10x10	11523617060201819870	in_stock		233640.00 INR
steel-porta-cabin-20x8	SA201617	in_stock		374060.00 INR
steel-porta-cabin-20x8	11523617060201819870	in_stock		374060.00 INR
steel-porta-cabin-20x10	SA201617	in_stock		424800.00 INR
steel-porta-cabin-20x10	11523617060201819870	in_stock		424800.00 INR
steel-porta-cabin-20x12	SA201617	in_stock		489700.00 INR
steel-porta-cabin-20x12	11523617060201819870	in_stock		489700.00 INR
steel-porta-cabin-30x10	SA201617	in_stock		611240.00 INR
steel-porta-cabin-30x10	11523617060201819870	in_stock		611240.00 INR
steel-porta-cabin-40x8	SA201617	in_stock		638380.00 INR
steel-porta-cabin-40x8	11523617060201819870	in_stock		638380.00 INR
steel-porta-cabin-20x20	SA201617	in_stock		798860.00 INR
steel-porta-cabin-20x20	11523617060201819870	in_stock		798860.00 INR
steel-porta-cabin-40x10	SA201617	in_stock		798860.00 INR
steel-porta-cabin-40x10	11523617060201819870	in_stock		798860.00 INR
steel-porta-cabin-40x12	SA201617	in_stock		938100.00 INR
steel-porta-cabin-40x12	11523617060201819870	in_stock		938100.00 INR
luxury-porta-cabin-10x10	SA201617	in_stock		240130.00 INR
luxury-porta-cabin-10x10	11523617060201819870	in_stock		240130.00 INR
luxury-porta-cabin-20x8	SA201617	in_stock		384208.00 INR
luxury-porta-cabin-20x8	11523617060201819870	in_stock		384208.00 INR
luxury-porta-cabin-20x10	SA201617	in_stock		436600.00 INR
luxury-porta-cabin-20x10	11523617060201819870	in_stock		436600.00 INR
luxury-porta-cabin-20x12	SA201617	in_stock		502963.00 INR
luxury-porta-cabin-20x12	11523617060201819870	in_stock		502963.00 INR
luxury-porta-cabin-30x10	SA201617	in_stock		628704.00 INR
luxury-porta-cabin-30x10	11523617060201819870	in_stock		628704.00 INR
luxury-porta-cabin-40x8	SA201617	in_stock		656646.00 INR
luxury-porta-cabin-40x8	11523617060201819870	in_stock		656646.00 INR
luxury-porta-cabin-20x20	SA201617	in_stock		820808.00 INR
luxury-porta-cabin-20x20	11523617060201819870	in_stock		820808.00 INR
luxury-porta-cabin-40x10	SA201617	in_stock		820808.00 INR
luxury-porta-cabin-40x10	11523617060201819870	in_stock		820808.00 INR
luxury-porta-cabin-40x12	SA201617	in_stock		964013.00 INR
luxury-porta-cabin-40x12	11523617060201819870	in_stock		964013.00 INR
buy-porta-cabins-10x10	SA201617	in_stock		162250.00 INR
buy-porta-cabins-10x10	11523617060201819870	in_stock		162250.00 INR
buy-porta-cabins-20x8	SA201617	in_stock		259600.00 INR
buy-porta-cabins-20x8	11523617060201819870	in_stock		259600.00 INR
buy-porta-cabins-20x10	SA201617	in_stock		295000.00 INR
buy-porta-cabins-20x10	11523617060201819870	in_stock		295000.00 INR
buy-porta-cabins-20x12	SA201617	in_stock		339840.00 INR
buy-porta-cabins-20x12	11523617060201819870	in_stock		339840.00 INR
buy-porta-cabins-30x10	SA201617	in_stock		424800.00 INR
buy-porta-cabins-30x10	11523617060201819870	in_stock		424800.00 INR
buy-porta-cabins-40x8	SA201617	in_stock		443680.00 INR
buy-porta-cabins-40x8	11523617060201819870	in_stock		443680.00 INR
buy-porta-cabins-20x20	SA201617	in_stock		554600.00 INR
buy-porta-cabins-20x20	11523617060201819870	in_stock		554600.00 INR
buy-porta-cabins-40x10	SA201617	in_stock		554600.00 INR
buy-porta-cabins-40x10	11523617060201819870	in_stock		554600.00 INR
buy-porta-cabins-40x12	SA201617	in_stock		651360.00 INR
buy-porta-cabins-40x12	11523617060201819870	in_stock		651360.00 INR
mini-porta-cabin-10x10	SA201617	in_stock		158120.00 INR
mini-porta-cabin-10x10	11523617060201819870	in_stock		158120.00 INR
mini-porta-cabin-20x8	SA201617	in_stock		252520.00 INR
mini-porta-cabin-20x8	11523617060201819870	in_stock		252520.00 INR
mini-porta-cabin-20x10	SA201617	in_stock		287920.00 INR
mini-porta-cabin-20x10	11523617060201819870	in_stock		287920.00 INR
mini-porta-cabin-20x12	SA201617	in_stock		331580.00 INR
mini-porta-cabin-20x12	11523617060201819870	in_stock		331580.00 INR
mini-porta-cabin-30x10	SA201617	in_stock		414180.00 INR
mini-porta-cabin-30x10	11523617060201819870	in_stock		414180.00 INR
mini-porta-cabin-40x8	SA201617	in_stock		431880.00 INR
mini-porta-cabin-40x8	11523617060201819870	in_stock		431880.00 INR
mini-porta-cabin-20x20	SA201617	in_stock		540440.00 INR
mini-porta-cabin-20x20	11523617060201819870	in_stock		540440.00 INR
mini-porta-cabin-40x10	SA201617	in_stock		540440.00 INR
mini-porta-cabin-40x10	11523617060201819870	in_stock		540440.00 INR
mini-porta-cabin-40x12	SA201617	in_stock		634840.00 INR
mini-porta-cabin-40x12	11523617060201819870	in_stock		634840.00 INR
small-portacabin-10x10	SA201617	in_stock		160480.00 INR
small-portacabin-10x10	11523617060201819870	in_stock		160480.00 INR
small-portacabin-20x8	SA201617	in_stock		257240.00 INR
small-portacabin-20x8	11523617060201819870	in_stock		257240.00 INR
small-portacabin-20x10	SA201617	in_stock		291460.00 INR
small-portacabin-20x10	11523617060201819870	in_stock		291460.00 INR
small-portacabin-20x12	SA201617	in_stock		336300.00 INR
small-portacabin-20x12	11523617060201819870	in_stock		336300.00 INR
small-portacabin-30x10	SA201617	in_stock		420080.00 INR
small-portacabin-30x10	11523617060201819870	in_stock		420080.00 INR
small-portacabin-40x8	SA201617	in_stock		438960.00 INR
small-portacabin-40x8	11523617060201819870	in_stock		438960.00 INR
small-portacabin-20x20	SA201617	in_stock		548700.00 INR
small-portacabin-20x20	11523617060201819870	in_stock		548700.00 INR
small-portacabin-40x10	SA201617	in_stock		548700.00 INR
small-portacabin-40x10	11523617060201819870	in_stock		548700.00 INR
small-portacabin-40x12	SA201617	in_stock		644280.00 INR
small-portacabin-40x12	11523617060201819870	in_stock		644280.00 INR
porta-cabin-office-10x10	SA201617	in_stock		175230.00 INR
porta-cabin-office-10x10	11523617060201819870	in_stock		175230.00 INR
porta-cabin-office-20x8	SA201617	in_stock		280368.00 INR
porta-cabin-office-20x8	11523617060201819870	in_stock		280368.00 INR
porta-cabin-office-20x10	SA201617	in_stock		318600.00 INR
porta-cabin-office-20x10	11523617060201819870	in_stock		318600.00 INR
porta-cabin-office-20x12	SA201617	in_stock		367027.00 INR
porta-cabin-office-20x12	11523617060201819870	in_stock		367027.00 INR
porta-cabin-office-30x10	SA201617	in_stock		458784.00 INR
porta-cabin-office-30x10	11523617060201819870	in_stock		458784.00 INR
porta-cabin-office-40x8	SA201617	in_stock		479174.00 INR
porta-cabin-office-40x8	11523617060201819870	in_stock		479174.00 INR
porta-cabin-office-20x20	SA201617	in_stock		598968.00 INR
porta-cabin-office-20x20	11523617060201819870	in_stock		598968.00 INR
porta-cabin-office-40x10	SA201617	in_stock		598968.00 INR
porta-cabin-office-40x10	11523617060201819870	in_stock		598968.00 INR
porta-cabin-office-40x12	SA201617	in_stock		703469.00 INR
porta-cabin-office-40x12	11523617060201819870	in_stock		703469.00 INR
porta-cabin-shop-10x10	SA201617	in_stock		181720.00 INR
porta-cabin-shop-10x10	11523617060201819870	in_stock		181720.00 INR
porta-cabin-shop-20x8	SA201617	in_stock		290752.00 INR
porta-cabin-shop-20x8	11523617060201819870	in_stock		290752.00 INR
porta-cabin-shop-20x10	SA201617	in_stock		330400.00 INR
porta-cabin-shop-20x10	11523617060201819870	in_stock		330400.00 INR
porta-cabin-shop-20x12	SA201617	in_stock		380621.00 INR
porta-cabin-shop-20x12	11523617060201819870	in_stock		380621.00 INR
porta-cabin-shop-30x10	SA201617	in_stock		475776.00 INR
porta-cabin-shop-30x10	11523617060201819870	in_stock		475776.00 INR
porta-cabin-shop-40x8	SA201617	in_stock		496922.00 INR
porta-cabin-shop-40x8	11523617060201819870	in_stock		496922.00 INR
porta-cabin-shop-20x20	SA201617	in_stock		621152.00 INR
porta-cabin-shop-20x20	11523617060201819870	in_stock		621152.00 INR
porta-cabin-shop-40x10	SA201617	in_stock		621152.00 INR
porta-cabin-shop-40x10	11523617060201819870	in_stock		621152.00 INR
porta-cabin-shop-40x12	SA201617	in_stock		729523.00 INR
porta-cabin-shop-40x12	11523617060201819870	in_stock		729523.00 INR
porta-cabin-with-toilet-10x10	SA201617	in_stock		194700.00 INR
porta-cabin-with-toilet-10x10	11523617060201819870	in_stock		194700.00 INR
porta-cabin-with-toilet-20x8	SA201617	in_stock		311520.00 INR
porta-cabin-with-toilet-20x8	11523617060201819870	in_stock		311520.00 INR
porta-cabin-with-toilet-20x10	SA201617	in_stock		354000.00 INR
porta-cabin-with-toilet-20x10	11523617060201819870	in_stock		354000.00 INR
porta-cabin-with-toilet-20x12	SA201617	in_stock		407808.00 INR
porta-cabin-with-toilet-20x12	11523617060201819870	in_stock		407808.00 INR
porta-cabin-with-toilet-30x10	SA201617	in_stock		509760.00 INR
porta-cabin-with-toilet-30x10	11523617060201819870	in_stock		509760.00 INR
porta-cabin-with-toilet-40x8	SA201617	in_stock		532416.00 INR
porta-cabin-with-toilet-40x8	11523617060201819870	in_stock		532416.00 INR
porta-cabin-with-toilet-20x20	SA201617	in_stock		665520.00 INR
porta-cabin-with-toilet-20x20	11523617060201819870	in_stock		665520.00 INR
porta-cabin-with-toilet-40x10	SA201617	in_stock		665520.00 INR
porta-cabin-with-toilet-40x10	11523617060201819870	in_stock		665520.00 INR
porta-cabin-with-toilet-40x12	SA201617	in_stock		781632.00 INR
porta-cabin-with-toilet-40x12	11523617060201819870	in_stock		781632.00 INR
prefabricated-porta-cabin-10x10	SA201617	in_stock		168740.00 INR
prefabricated-porta-cabin-10x10	11523617060201819870	in_stock		168740.00 INR
prefabricated-porta-cabin-20x8	SA201617	in_stock		269984.00 INR
prefabricated-porta-cabin-20x8	11523617060201819870	in_stock		269984.00 INR
prefabricated-porta-cabin-20x10	SA201617	in_stock		306800.00 INR
prefabricated-porta-cabin-20x10	11523617060201819870	in_stock		306800.00 INR
prefabricated-porta-cabin-20x12	SA201617	in_stock		353434.00 INR
prefabricated-porta-cabin-20x12	11523617060201819870	in_stock		353434.00 INR
prefabricated-porta-cabin-30x10	SA201617	in_stock		441792.00 INR
prefabricated-porta-cabin-30x10	11523617060201819870	in_stock		441792.00 INR
prefabricated-porta-cabin-40x8	SA201617	in_stock		461427.00 INR
prefabricated-porta-cabin-40x8	11523617060201819870	in_stock		461427.00 INR
prefabricated-porta-cabin-20x20	SA201617	in_stock		576784.00 INR
prefabricated-porta-cabin-20x20	11523617060201819870	in_stock		576784.00 INR
prefabricated-porta-cabin-40x10	SA201617	in_stock		576784.00 INR
prefabricated-porta-cabin-40x10	11523617060201819870	in_stock		576784.00 INR
prefabricated-porta-cabin-40x12	SA201617	in_stock		677414.00 INR
prefabricated-porta-cabin-40x12	11523617060201819870	in_stock		677414.00 INR
low-cost-porta-cabin-10x10	SA201617	in_stock		155760.00 INR
low-cost-porta-cabin-10x10	11523617060201819870	in_stock		155760.00 INR
low-cost-porta-cabin-20x8	SA201617	in_stock		249216.00 INR
low-cost-porta-cabin-20x8	11523617060201819870	in_stock		249216.00 INR
low-cost-porta-cabin-20x10	SA201617	in_stock		283200.00 INR
low-cost-porta-cabin-20x10	11523617060201819870	in_stock		283200.00 INR
low-cost-porta-cabin-20x12	SA201617	in_stock		326246.00 INR
low-cost-porta-cabin-20x12	11523617060201819870	in_stock		326246.00 INR
low-cost-porta-cabin-30x10	SA201617	in_stock		407808.00 INR
low-cost-porta-cabin-30x10	11523617060201819870	in_stock		407808.00 INR
low-cost-porta-cabin-40x8	SA201617	in_stock		425933.00 INR
low-cost-porta-cabin-40x8	11523617060201819870	in_stock		425933.00 INR
low-cost-porta-cabin-20x20	SA201617	in_stock		532416.00 INR
low-cost-porta-cabin-20x20	11523617060201819870	in_stock		532416.00 INR
low-cost-porta-cabin-40x10	SA201617	in_stock		532416.00 INR
low-cost-porta-cabin-40x10	11523617060201819870	in_stock		532416.00 INR
low-cost-porta-cabin-40x12	SA201617	in_stock		625306.00 INR
low-cost-porta-cabin-40x12	11523617060201819870	in_stock		625306.00 INR
