occurrence_id,source_url,source_page_title,source_page_approved_indexable_status,destination_gated_url,destination_page_title,anchor_text,component_data_source_or_content_location,link_type,generation_context,relevant_product_family,current_destination_status,closest_approved_url,current_permanent_disposition_status,likely_future_action,implementation_risk
STG01C-LINK-001,https://www.samanportable.com/product/container-houses,Container House Manufacturer in India | Modern Modular Homes | SAMAN,APPROVED_LIVE_INDEXABLE,https://www.samanportable.com/product/container-houses/affordable-container-homes,Affordable Container Homes │ Pre-Built │ SAMAN,affordable container homes,Rendered main content; shared commercial template,shared-template,template-generated,container-houses,TEMPORARY_200_NOINDEX_FOLLOW,/product/container-houses,PENDING_OWNER_REVIEW,OWNER_DECISION_REQUIRED,MEDIUM_SHARED_TEMPLATE
STG01C-LINK-002,https://www.samanportable.com/product/container-houses,Container House Manufacturer in India | Modern Modular Homes | SAMAN,APPROVED_LIVE_INDEXABLE,https://www.samanportable.com/product/container-houses/affordable-container-homes,Affordable Container Homes │ Pre-Built │ SAMAN,the fixed-plan affordable build,Rendered product card/grid; shared listing or commercial template,card,template-generated,container-houses,TEMPORARY_200_NOINDEX_FOLLOW,/product/container-houses,PENDING_OWNER_REVIEW,OWNER_DECISION_REQUIRED,MEDIUM_SHARED_TEMPLATE
STG01C-LINK-003,https://www.samanportable.com/product/container-houses,Container House Manufacturer in India | Modern Modular Homes | SAMAN,APPROVED_LIVE_INDEXABLE,https://www.samanportable.com/product/container-houses/prefabricated-container-house,Prefabricated Container House │ Factory-Fitted │ SAMAN,the fully fitted route,Rendered product card/grid; shared listing or commercial template,card,template-generated,container-houses,TEMPORARY_200_NOINDEX_FOLLOW,/product/container-houses,PENDING_OWNER_REVIEW,OWNER_DECISION_REQUIRED,MEDIUM_SHARED_TEMPLATE
STG01C-LINK-004,https://www.samanportable.com/product/container-houses/luxury-container-houses,Luxury Container Houses │ Factory-Fitted Design │ SAMAN,APPROVED_LIVE_INDEXABLE,https://www.samanportable.com/product/container-houses/affordable-container-homes,Affordable Container Homes │ Pre-Built │ SAMAN,one efficient plan per size,Rendered product card/grid; shared listing or commercial template,card,template-generated,container-houses,TEMPORARY_200_NOINDEX_FOLLOW,/product/container-houses,PENDING_OWNER_REVIEW,OWNER_DECISION_REQUIRED,MEDIUM_SHARED_TEMPLATE
STG01C-LINK-005,https://www.samanportable.com/product/container-houses/luxury-container-houses,Luxury Container Houses │ Factory-Fitted Design │ SAMAN,APPROVED_LIVE_INDEXABLE,https://www.samanportable.com/product/container-houses/prefabricated-container-house,Prefabricated Container House │ Factory-Fitted │ SAMAN,delivered as a single completed unit,Rendered product card/grid; shared listing or commercial template,card,template-generated,container-houses,TEMPORARY_200_NOINDEX_FOLLOW,/product/container-houses,PENDING_OWNER_REVIEW,OWNER_DECISION_REQUIRED,MEDIUM_SHARED_TEMPLATE
STG01C-LINK-006,https://www.samanportable.com/product/container-houses/prefab-container-homes,Prefab Container Homes │ Configured Single & Colony │ SAMAN,APPROVED_LIVE_INDEXABLE,https://www.samanportable.com/product/container-houses/affordable-container-homes,Affordable Container Homes │ Pre-Built │ SAMAN,"lowest rate in the range starts at ₹1,438 per sq ft",Rendered product card/grid; shared listing or commercial template,card,template-generated,container-houses,TEMPORARY_200_NOINDEX_FOLLOW,/product/container-houses,PENDING_OWNER_REVIEW,OWNER_DECISION_REQUIRED,MEDIUM_SHARED_TEMPLATE
STG01C-LINK-007,https://www.samanportable.com/product/container-houses/prefab-container-homes,Prefab Container Homes │ Configured Single & Colony │ SAMAN,APPROVED_LIVE_INDEXABLE,https://www.samanportable.com/product/container-houses/prefabricated-container-house,Prefabricated Container House │ Factory-Fitted │ SAMAN,quoted on your drawing rather than sold from a ladder,Rendered product card/grid; shared listing or commercial template,card,template-generated,container-houses,TEMPORARY_200_NOINDEX_FOLLOW,/product/container-houses,PENDING_OWNER_REVIEW,OWNER_DECISION_REQUIRED,MEDIUM_SHARED_TEMPLATE
STG01C-LINK-008,https://www.samanportable.com/product/container-houses/shipping-container-homes,Shipping Container Homes India │ Custom-Built │ SAMAN,APPROVED_LIVE_INDEXABLE,https://www.samanportable.com/product/container-houses/affordable-container-homes,Affordable Container Homes │ Pre-Built │ SAMAN,the lowest per-square-foot rate we publish,Rendered product card/grid; shared listing or commercial template,card,template-generated,container-houses,TEMPORARY_200_NOINDEX_FOLLOW,/product/container-houses,PENDING_OWNER_REVIEW,OWNER_DECISION_REQUIRED,MEDIUM_SHARED_TEMPLATE
STG01C-LINK-009,https://www.samanportable.com/product/container-houses/shipping-container-homes,Shipping Container Homes India │ Custom-Built │ SAMAN,APPROVED_LIVE_INDEXABLE,https://www.samanportable.com/product/container-houses/prefabricated-container-house,Prefabricated Container House │ Factory-Fitted │ SAMAN,a unit that arrives finished and needs no site team at all,Rendered product card/grid; shared listing or commercial template,card,template-generated,container-houses,TEMPORARY_200_NOINDEX_FOLLOW,/product/container-houses,PENDING_OWNER_REVIEW,OWNER_DECISION_REQUIRED,MEDIUM_SHARED_TEMPLATE
STG01C-LINK-010,https://www.samanportable.com/product/eps-panel,EPS Panel Manufacturer in India | Sizes & Specs | SAMAN,APPROVED_LIVE_INDEXABLE,https://www.samanportable.com/product/sandwich-panel,"Sandwich Panel Manufacturer in India, Types, Cores & Sizes | SAMAN",Sandwich Panels,Rendered navigation/header; shared Header template,navigation,template-generated,sandwich-panel,TEMPORARY_200_NOINDEX_FOLLOW,OWNER_MAPPING_REQUIRED,PENDING_OWNER_REVIEW,OWNER_DECISION_REQUIRED,HIGH_SHARED_SURFACE
STG01C-LINK-011,https://www.samanportable.com/product/eps-panel,EPS Panel Manufacturer in India | Sizes & Specs | SAMAN,APPROVED_LIVE_INDEXABLE,https://www.samanportable.com/product/sandwich-panel,"Sandwich Panel Manufacturer in India, Types, Cores & Sizes | SAMAN",Sandwich Panel Sandwich Panels View,Rendered related-product rail; shared commercial template,rail,template-generated,sandwich-panel,TEMPORARY_200_NOINDEX_FOLLOW,OWNER_MAPPING_REQUIRED,PENDING_OWNER_REVIEW,OWNER_DECISION_REQUIRED,MEDIUM_SHARED_TEMPLATE
STG01C-LINK-012,https://www.samanportable.com/product/eps-panel,EPS Panel Manufacturer in India | Sizes & Specs | SAMAN,APPROVED_LIVE_INDEXABLE,https://www.samanportable.com/product/sandwich-panel,"Sandwich Panel Manufacturer in India, Types, Cores & Sizes | SAMAN",compare all five sandwich panel cores,Rendered product card/grid; shared listing or commercial template,card,template-generated,sandwich-panel,TEMPORARY_200_NOINDEX_FOLLOW,OWNER_MAPPING_REQUIRED,PENDING_OWNER_REVIEW,OWNER_DECISION_REQUIRED,MEDIUM_SHARED_TEMPLATE
STG01C-LINK-013,https://www.samanportable.com/product/glass-wool-panel,"Glass Wool Panel Manufacturer, Acoustic & Thermal Panels | SAMAN",APPROVED_LIVE_INDEXABLE,https://www.samanportable.com/product/sandwich-panel,"Sandwich Panel Manufacturer in India, Types, Cores & Sizes | SAMAN",Sandwich Panel Sandwich Panels View,Rendered related-product rail; shared commercial template,rail,template-generated,sandwich-panel,TEMPORARY_200_NOINDEX_FOLLOW,OWNER_MAPPING_REQUIRED,PENDING_OWNER_REVIEW,OWNER_DECISION_REQUIRED,MEDIUM_SHARED_TEMPLATE
STG01C-LINK-014,https://www.samanportable.com/product/glass-wool-panel,"Glass Wool Panel Manufacturer, Acoustic & Thermal Panels | SAMAN",APPROVED_LIVE_INDEXABLE,https://www.samanportable.com/product/sandwich-panel,"Sandwich Panel Manufacturer in India, Types, Cores & Sizes | SAMAN",compare every sandwich panel core we manufacture,Rendered product card/grid; shared listing or commercial template,card,template-generated,sandwich-panel,TEMPORARY_200_NOINDEX_FOLLOW,OWNER_MAPPING_REQUIRED,PENDING_OWNER_REVIEW,OWNER_DECISION_REQUIRED,MEDIUM_SHARED_TEMPLATE
STG01C-LINK-015,https://www.samanportable.com/product/industrial-sheds,Industrial Sheds │ Custom Steel Spans │ SAMAN Portable,APPROVED_LIVE_INDEXABLE,https://www.samanportable.com/product/industrial-sheds/prefabricated-industrial-shed,Prefabricated Industrial Shed │ Pre-Built Steel │ SAMAN,prefabricated industrial shed,Rendered product card/grid; shared listing or commercial template,card,template-generated,industrial-sheds,TEMPORARY_200_NOINDEX_FOLLOW,/product/industrial-sheds,PENDING_OWNER_REVIEW,OWNER_DECISION_REQUIRED,MEDIUM_SHARED_TEMPLATE
STG01C-LINK-016,https://www.samanportable.com/product/industrial-sheds,Industrial Sheds │ Custom Steel Spans │ SAMAN Portable,APPROVED_LIVE_INDEXABLE,https://www.samanportable.com/product/industrial-sheds/steel-sheds,Steel Sheds │ Heavy-Duty 25-Year Structural Life │ SAMAN,steel sheds,Rendered product card/grid; shared listing or commercial template,card,template-generated,industrial-sheds,TEMPORARY_200_NOINDEX_FOLLOW,/product/industrial-sheds,PENDING_OWNER_REVIEW,OWNER_DECISION_REQUIRED,MEDIUM_SHARED_TEMPLATE
STG01C-LINK-017,https://www.samanportable.com/product/industrial-sheds,Industrial Sheds │ Custom Steel Spans │ SAMAN Portable,APPROVED_LIVE_INDEXABLE,https://www.samanportable.com/product/industrial-sheds/storage-sheds,"Heavy-Duty Storage Sheds | Secure, Weatherproof | SAMAN",storage sheds,Rendered product card/grid; shared listing or commercial template,card,template-generated,industrial-sheds,TEMPORARY_200_NOINDEX_FOLLOW,/product/industrial-sheds,PENDING_OWNER_REVIEW,OWNER_DECISION_REQUIRED,MEDIUM_SHARED_TEMPLATE
STG01C-LINK-018,https://www.samanportable.com/product/industrial-sheds,Industrial Sheds │ Custom Steel Spans │ SAMAN Portable,APPROVED_LIVE_INDEXABLE,https://www.samanportable.com/product/industrial-sheds/prefab-steel-house,Prefab Steel House — Custom 600 sq ft Steel Frame | SAMAN,prefab steel house,Rendered product card/grid; shared listing or commercial template,card,template-generated,industrial-sheds,TEMPORARY_200_NOINDEX_FOLLOW,/product/industrial-sheds,PENDING_OWNER_REVIEW,OWNER_DECISION_REQUIRED,MEDIUM_SHARED_TEMPLATE
STG01C-LINK-019,https://www.samanportable.com/product/industrial-sheds,Industrial Sheds │ Custom Steel Spans │ SAMAN Portable,APPROVED_LIVE_INDEXABLE,https://www.samanportable.com/product/peb-constructions,"PEB Construction │ Turnkey Design, Supply & Erect │ SAMAN",PEB constructions,Rendered product card/grid; shared listing or commercial template,card,template-generated,peb-constructions,TEMPORARY_200_NOINDEX_FOLLOW,/product/pre-engineered-buildings,PENDING_OWNER_REVIEW,OWNER_DECISION_REQUIRED,MEDIUM_SHARED_TEMPLATE
STG01C-LINK-020,https://www.samanportable.com/product/industrial-sheds/commercial-sheds,Commercial Sheds │ Custom Showroom & Workshop Spans – SAMAN,APPROVED_LIVE_INDEXABLE,https://www.samanportable.com/product/industrial-sheds/steel-sheds,Steel Sheds │ Heavy-Duty 25-Year Structural Life │ SAMAN,steel sheds built around material specification,Rendered product card/grid; shared listing or commercial template,card,template-generated,industrial-sheds,TEMPORARY_200_NOINDEX_FOLLOW,/product/industrial-sheds,PENDING_OWNER_REVIEW,OWNER_DECISION_REQUIRED,MEDIUM_SHARED_TEMPLATE
STG01C-LINK-021,https://www.samanportable.com/product/industrial-sheds/commercial-sheds,Commercial Sheds │ Custom Showroom & Workshop Spans – SAMAN,APPROVED_LIVE_INDEXABLE,https://www.samanportable.com/product/industrial-sheds/storage-sheds,"Heavy-Duty Storage Sheds | Secure, Weatherproof | SAMAN",a dedicated storage shed,Rendered product card/grid; shared listing or commercial template,card,template-generated,industrial-sheds,TEMPORARY_200_NOINDEX_FOLLOW,/product/industrial-sheds,PENDING_OWNER_REVIEW,OWNER_DECISION_REQUIRED,MEDIUM_SHARED_TEMPLATE
STG01C-LINK-022,https://www.samanportable.com/product/industrial-sheds/prefabricated-warehouses,Prefabricated Warehouses │ Custom Steel + PUF │ SAMAN,APPROVED_LIVE_INDEXABLE,https://www.samanportable.com/product/industrial-sheds/steel-sheds,Steel Sheds │ Heavy-Duty 25-Year Structural Life │ SAMAN,galvanised steel shed structures,Rendered product card/grid; shared listing or commercial template,card,template-generated,industrial-sheds,TEMPORARY_200_NOINDEX_FOLLOW,/product/industrial-sheds,PENDING_OWNER_REVIEW,OWNER_DECISION_REQUIRED,MEDIUM_SHARED_TEMPLATE
STG01C-LINK-023,https://www.samanportable.com/product/industrial-sheds/prefabricated-warehouses,Prefabricated Warehouses │ Custom Steel + PUF │ SAMAN,APPROVED_LIVE_INDEXABLE,https://www.samanportable.com/product/industrial-sheds/prefabricated-industrial-shed,Prefabricated Industrial Shed │ Pre-Built Steel │ SAMAN,An open-plan factory shed,Rendered product card/grid; shared listing or commercial template,card,template-generated,industrial-sheds,TEMPORARY_200_NOINDEX_FOLLOW,/product/industrial-sheds,PENDING_OWNER_REVIEW,OWNER_DECISION_REQUIRED,MEDIUM_SHARED_TEMPLATE
STG01C-LINK-024,https://www.samanportable.com/product/industrial-sheds/prefabricated-warehouses,Prefabricated Warehouses │ Custom Steel + PUF │ SAMAN,APPROVED_LIVE_INDEXABLE,https://www.samanportable.com/product/industrial-sheds/storage-sheds,"Heavy-Duty Storage Sheds | Secure, Weatherproof | SAMAN",secure storage sheds,Rendered product card/grid; shared listing or commercial template,card,template-generated,industrial-sheds,TEMPORARY_200_NOINDEX_FOLLOW,/product/industrial-sheds,PENDING_OWNER_REVIEW,OWNER_DECISION_REQUIRED,MEDIUM_SHARED_TEMPLATE
STG01C-LINK-025,https://www.samanportable.com/product/pir-panel,PIR Panels Manufacturer in India | SAMAN,APPROVED_LIVE_INDEXABLE,https://www.samanportable.com/product/sandwich-panel,"Sandwich Panel Manufacturer in India, Types, Cores & Sizes | SAMAN",Sandwich Panel Sandwich Panels View,Rendered related-product rail; shared commercial template,rail,template-generated,sandwich-panel,TEMPORARY_200_NOINDEX_FOLLOW,OWNER_MAPPING_REQUIRED,PENDING_OWNER_REVIEW,OWNER_DECISION_REQUIRED,MEDIUM_SHARED_TEMPLATE
STG01C-LINK-026,https://www.samanportable.com/product/portable-office,"Portable Office Cabin │ 9 Sizes, Factory-Fitted │ SAMAN",APPROVED_LIVE_INDEXABLE,https://www.samanportable.com/product/portable-office/modern-office-cabin,"Office Cabin │ Premium Finish, 9 Sizes │ SAMAN",Modern Office Cabin,Rendered product card/grid; shared listing or commercial template,card,template-generated,portable-office,TEMPORARY_200_NOINDEX_FOLLOW,/product/portable-office,PENDING_OWNER_REVIEW,OWNER_DECISION_REQUIRED,MEDIUM_SHARED_TEMPLATE
STG01C-LINK-027,https://www.samanportable.com/product/portable-office,"Portable Office Cabin │ 9 Sizes, Factory-Fitted │ SAMAN",APPROVED_LIVE_INDEXABLE,https://www.samanportable.com/product/portable-office/portable-office-container,Portable Office Container │ Built to Relocate │ SAMAN,Portable Office Container,Rendered product card/grid; shared listing or commercial template,card,template-generated,portable-office,TEMPORARY_200_NOINDEX_FOLLOW,/product/portable-office,PENDING_OWNER_REVIEW,OWNER_DECISION_REQUIRED,MEDIUM_SHARED_TEMPLATE
STG01C-LINK-028,https://www.samanportable.com/product/portable-toilet,Portable Toilet │ Construction Sites & Events │ SAMAN,APPROVED_LIVE_INDEXABLE,https://www.samanportable.com/product/portable-toilet/movable-toilet-cabin,"Movable Toilet Cabin │ Pre-Built, Moves Site-to-Site | SAMAN",movable toilet cabin,Rendered product card/grid; shared listing or commercial template,card,template-generated,portable-toilet,TEMPORARY_200_NOINDEX_FOLLOW,/product/portable-toilet,PENDING_OWNER_REVIEW,OWNER_DECISION_REQUIRED,MEDIUM_SHARED_TEMPLATE
STG01C-LINK-029,https://www.samanportable.com/product/portable-toilet,Portable Toilet │ Construction Sites & Events │ SAMAN,APPROVED_LIVE_INDEXABLE,https://www.samanportable.com/product/portable-toilet/portable-toilet-cabin,MS Steel Portable Toilet Cabin | 8×8×7 ft | SAMAN,portable toilet cabin,Rendered product card/grid; shared listing or commercial template,card,template-generated,portable-toilet,TEMPORARY_200_NOINDEX_FOLLOW,/product/portable-toilet,PENDING_OWNER_REVIEW,OWNER_DECISION_REQUIRED,MEDIUM_SHARED_TEMPLATE
STG01C-LINK-030,https://www.samanportable.com/product/portable-toilet,Portable Toilet │ Construction Sites & Events │ SAMAN,APPROVED_LIVE_INDEXABLE,https://www.samanportable.com/product/portable-toilet/prefabricated-toilet,Prefab Toilet Unit for Construction Sites | SAMAN,prefabricated toilet,Rendered product card/grid; shared listing or commercial template,card,template-generated,portable-toilet,TEMPORARY_200_NOINDEX_FOLLOW,/product/portable-toilet,PENDING_OWNER_REVIEW,OWNER_DECISION_REQUIRED,MEDIUM_SHARED_TEMPLATE
STG01C-LINK-031,https://www.samanportable.com/product/portable-toilet,Portable Toilet │ Construction Sites & Events │ SAMAN,APPROVED_LIVE_INDEXABLE,https://www.samanportable.com/product/portable-toilet/mobile-toilet,"Mobile Toilet │ Heavy-Duty, Crane-Movable │ SAMAN Portable",mobile toilet,Rendered product card/grid; shared listing or commercial template,card,template-generated,portable-toilet,TEMPORARY_200_NOINDEX_FOLLOW,/product/portable-toilet,PENDING_OWNER_REVIEW,OWNER_DECISION_REQUIRED,MEDIUM_SHARED_TEMPLATE
STG01C-LINK-032,https://www.samanportable.com/product/portable-toilet,Portable Toilet │ Construction Sites & Events │ SAMAN,APPROVED_LIVE_INDEXABLE,https://www.samanportable.com/product/portable-toilet/readymade-toilet-cabin,"Readymade Toilet Cabin │ Factory-Fitted, No Wait │ SAMAN",readymade toilet cabin,Rendered product card/grid; shared listing or commercial template,card,template-generated,portable-toilet,TEMPORARY_200_NOINDEX_FOLLOW,/product/portable-toilet,PENDING_OWNER_REVIEW,OWNER_DECISION_REQUIRED,MEDIUM_SHARED_TEMPLATE
STG01C-LINK-033,https://www.samanportable.com/product/portable-toilet,Portable Toilet │ Construction Sites & Events │ SAMAN,APPROVED_LIVE_INDEXABLE,https://www.samanportable.com/product/portable-toilet/mobile-toilet-cabin,Mobile Toilet Cabin for Events & Remote Sites | SAMAN,mobile toilet cabin,Rendered product card/grid; shared listing or commercial template,card,template-generated,portable-toilet,TEMPORARY_200_NOINDEX_FOLLOW,/product/portable-toilet,PENDING_OWNER_REVIEW,OWNER_DECISION_REQUIRED,MEDIUM_SHARED_TEMPLATE
STG01C-LINK-034,https://www.samanportable.com/product/pre-engineered-buildings,Pre-Engineered Buildings │ IS-Certified Manufacturer │ SAMAN,APPROVED_LIVE_INDEXABLE,https://www.samanportable.com/product/pre-engineered-buildings/pre-engineered-building-structures,Pre-Engineered Building Structure │ Custom Steel │ SAMAN,pre-engineered building structures,Rendered product card/grid; shared listing or commercial template,card,template-generated,pre-engineered-buildings,TEMPORARY_200_NOINDEX_FOLLOW,/product/pre-engineered-buildings,PENDING_OWNER_REVIEW,OWNER_DECISION_REQUIRED,MEDIUM_SHARED_TEMPLATE
STG01C-LINK-035,https://www.samanportable.com/product/pre-engineered-buildings,Pre-Engineered Buildings │ IS-Certified Manufacturer │ SAMAN,APPROVED_LIVE_INDEXABLE,https://www.samanportable.com/product/pre-engineered-buildings/pre-engineered-building-manufacturers,Pre-Engineered Building Manufacturer | Custom | SAMAN,pre-engineered building manufacturers,Rendered product card/grid; shared listing or commercial template,card,template-generated,pre-engineered-buildings,TEMPORARY_200_NOINDEX_FOLLOW,/product/pre-engineered-buildings,PENDING_OWNER_REVIEW,OWNER_DECISION_REQUIRED,MEDIUM_SHARED_TEMPLATE
STG01C-LINK-036,https://www.samanportable.com/product/pre-engineered-buildings,Pre-Engineered Buildings │ IS-Certified Manufacturer │ SAMAN,APPROVED_LIVE_INDEXABLE,https://www.samanportable.com/product/pre-engineered-buildings/pre-engineered-steel-building-manufacturers,Custom Pre-Engineered Steel Building Manufacturers | SAMAN,pre-engineered steel building manufacturers,Rendered product card/grid; shared listing or commercial template,card,template-generated,pre-engineered-buildings,TEMPORARY_200_NOINDEX_FOLLOW,/product/pre-engineered-buildings,PENDING_OWNER_REVIEW,OWNER_DECISION_REQUIRED,MEDIUM_SHARED_TEMPLATE
STG01C-LINK-037,https://www.samanportable.com/product/pre-engineered-buildings,Pre-Engineered Buildings │ IS-Certified Manufacturer │ SAMAN,APPROVED_LIVE_INDEXABLE,https://www.samanportable.com/product/pre-engineered-buildings/engineered-metal-buildings,Engineered Metal Building │ Industrial-Grade │ SAMAN Portable,engineered metal buildings,Rendered product card/grid; shared listing or commercial template,card,template-generated,pre-engineered-buildings,TEMPORARY_200_NOINDEX_FOLLOW,/product/pre-engineered-buildings,PENDING_OWNER_REVIEW,OWNER_DECISION_REQUIRED,MEDIUM_SHARED_TEMPLATE
STG01C-LINK-038,https://www.samanportable.com/product/pre-engineered-buildings,Pre-Engineered Buildings │ IS-Certified Manufacturer │ SAMAN,APPROVED_LIVE_INDEXABLE,https://www.samanportable.com/product/peb-constructions,"PEB Construction │ Turnkey Design, Supply & Erect │ SAMAN",PEB constructions,Rendered product card/grid; shared listing or commercial template,card,template-generated,peb-constructions,TEMPORARY_200_NOINDEX_FOLLOW,/product/pre-engineered-buildings,PENDING_OWNER_REVIEW,OWNER_DECISION_REQUIRED,MEDIUM_SHARED_TEMPLATE
STG01C-LINK-039,https://www.samanportable.com/product/pre-engineered-buildings,Pre-Engineered Buildings │ IS-Certified Manufacturer │ SAMAN,APPROVED_LIVE_INDEXABLE,https://www.samanportable.com/product/peb-constructions,"PEB Construction │ Turnkey Design, Supply & Erect │ SAMAN",PEB constructions,Rendered product card/grid; shared listing or commercial template,card,template-generated,peb-constructions,TEMPORARY_200_NOINDEX_FOLLOW,/product/pre-engineered-buildings,PENDING_OWNER_REVIEW,OWNER_DECISION_REQUIRED,MEDIUM_SHARED_TEMPLATE
STG01C-LINK-040,https://www.samanportable.com/product/prefab-buildings,Prefab Building │ Commercial & Industrial │ SAMAN,APPROVED_LIVE_INDEXABLE,https://www.samanportable.com/product/prefab-buildings/prefab-office-buildings,Prefab Commercial Office Buildings | SAMAN,prefab office building,Rendered product card/grid; shared listing or commercial template,card,template-generated,prefab-buildings,TEMPORARY_200_NOINDEX_FOLLOW,/product/prefab-buildings,PENDING_OWNER_REVIEW,OWNER_DECISION_REQUIRED,MEDIUM_SHARED_TEMPLATE
STG01C-LINK-041,https://www.samanportable.com/product/prefab-buildings,Prefab Building │ Commercial & Industrial │ SAMAN,APPROVED_LIVE_INDEXABLE,https://www.samanportable.com/product/prefab-buildings/prefab-commercial-buildings,Prefab Commercial Buildings | Pre-Built | SAMAN Portable,prefab commercial building,Rendered product card/grid; shared listing or commercial template,card,template-generated,prefab-buildings,TEMPORARY_200_NOINDEX_FOLLOW,/product/prefab-buildings,PENDING_OWNER_REVIEW,OWNER_DECISION_REQUIRED,MEDIUM_SHARED_TEMPLATE
STG01C-LINK-042,https://www.samanportable.com/product/prefab-buildings,Prefab Building │ Commercial & Industrial │ SAMAN,APPROVED_LIVE_INDEXABLE,https://www.samanportable.com/product/prefab-buildings/modular-office-buildings,"Modular Office Buildings │ Multi-Room, Multi-Floor │ SAMAN",modular office building,Rendered product card/grid; shared listing or commercial template,card,template-generated,prefab-buildings,TEMPORARY_200_NOINDEX_FOLLOW,/product/prefab-buildings,PENDING_OWNER_REVIEW,OWNER_DECISION_REQUIRED,MEDIUM_SHARED_TEMPLATE
STG01C-LINK-043,https://www.samanportable.com/product/prefab-buildings,Prefab Building │ Commercial & Industrial │ SAMAN,APPROVED_LIVE_INDEXABLE,https://www.samanportable.com/product/puf-panel/puf-panel-roofing,"PUF Panel Roofing Sheet, Insulated Roof Panels | SAMAN",insulated PUF roofing for prefab structures,Rendered product card/grid; shared listing or commercial template,card,template-generated,puf-panel,TEMPORARY_200_NOINDEX_FOLLOW,/product/puf-panel,PENDING_OWNER_REVIEW,OWNER_DECISION_REQUIRED,MEDIUM_SHARED_TEMPLATE
STG01C-LINK-044,https://www.samanportable.com/product/prefab-buildings,Prefab Building │ Commercial & Industrial │ SAMAN,APPROVED_LIVE_INDEXABLE,https://www.samanportable.com/product/prefab-buildings/prefab-industrial-buildings,Prefab Industrial Building | Heavy-Duty | SAMAN Portable,prefab industrial building,Rendered product card/grid; shared listing or commercial template,card,template-generated,prefab-buildings,TEMPORARY_200_NOINDEX_FOLLOW,/product/prefab-buildings,PENDING_OWNER_REVIEW,OWNER_DECISION_REQUIRED,MEDIUM_SHARED_TEMPLATE
STG01C-LINK-045,https://www.samanportable.com/product/prefab-buildings,Prefab Building │ Commercial & Industrial │ SAMAN,APPROVED_LIVE_INDEXABLE,https://www.samanportable.com/product/prefab-buildings/prefabricated-steel-buildings,Prefabricated Steel Buildings: 9 Powerful tips for Strength,prefabricated steel buildings,Rendered product card/grid; shared listing or commercial template,card,template-generated,prefab-buildings,TEMPORARY_200_NOINDEX_FOLLOW,/product/prefab-buildings,PENDING_OWNER_REVIEW,OWNER_DECISION_REQUIRED,MEDIUM_SHARED_TEMPLATE
STG01C-LINK-046,https://www.samanportable.com/product/prefab-buildings,Prefab Building │ Commercial & Industrial │ SAMAN,APPROVED_LIVE_INDEXABLE,https://www.samanportable.com/product/prefab-buildings/modular-office-buildings,"Modular Office Buildings │ Multi-Room, Multi-Floor │ SAMAN",modular office building,Rendered product card/grid; shared listing or commercial template,card,template-generated,prefab-buildings,TEMPORARY_200_NOINDEX_FOLLOW,/product/prefab-buildings,PENDING_OWNER_REVIEW,OWNER_DECISION_REQUIRED,MEDIUM_SHARED_TEMPLATE
STG01C-LINK-047,https://www.samanportable.com/product/prefab-buildings,Prefab Building │ Commercial & Industrial │ SAMAN,APPROVED_LIVE_INDEXABLE,https://www.samanportable.com/product/prefab-buildings/buy-prefabricated-buildings,Buy Prefabricated Buildings │ Factory-Fitted │ SAMAN,buy prefabricated buildings,Rendered product card/grid; shared listing or commercial template,card,template-generated,prefab-buildings,TEMPORARY_200_NOINDEX_FOLLOW,/product/prefab-buildings,PENDING_OWNER_REVIEW,OWNER_DECISION_REQUIRED,MEDIUM_SHARED_TEMPLATE
STG01C-LINK-048,https://www.samanportable.com/product/prefab-buildings,Prefab Building │ Commercial & Industrial │ SAMAN,APPROVED_LIVE_INDEXABLE,https://www.samanportable.com/product/peb-constructions,"PEB Construction │ Turnkey Design, Supply & Erect │ SAMAN",PEB constructions,Rendered product card/grid; shared listing or commercial template,card,template-generated,peb-constructions,TEMPORARY_200_NOINDEX_FOLLOW,/product/pre-engineered-buildings,PENDING_OWNER_REVIEW,OWNER_DECISION_REQUIRED,MEDIUM_SHARED_TEMPLATE
STG01C-LINK-049,https://www.samanportable.com/product/prefabricated-houses,Prefabricated House │ Built in 15 Days │ SAMAN Portable,APPROVED_LIVE_INDEXABLE,https://www.samanportable.com/product/puf-panel/puf-panel-house,"PUF Panel House, Price, Design & Residential Use | SAMAN",homes built with PUF wall panels,Rendered product card/grid; shared listing or commercial template,card,template-generated,puf-panel,TEMPORARY_200_NOINDEX_FOLLOW,/product/puf-panel,PENDING_OWNER_REVIEW,OWNER_DECISION_REQUIRED,MEDIUM_SHARED_TEMPLATE
STG01C-LINK-050,https://www.samanportable.com/product/prefabricated-houses,Prefabricated House │ Built in 15 Days │ SAMAN Portable,APPROVED_LIVE_INDEXABLE,https://www.samanportable.com/product/prefabricated-houses/bunkhouse-cabin,Bunkhouse Cabin — Factory-Built Crew Sleeping Unit | SAMAN,bunkhouse cabin,Rendered product card/grid; shared listing or commercial template,card,template-generated,prefabricated-houses,TEMPORARY_200_NOINDEX_FOLLOW,/product/prefabricated-houses/prefabricated-bunkhouse,PENDING_OWNER_REVIEW,OWNER_DECISION_REQUIRED,MEDIUM_SHARED_TEMPLATE
STG01C-LINK-051,https://www.samanportable.com/product/prefabricated-houses,Prefabricated House │ Built in 15 Days │ SAMAN Portable,APPROVED_LIVE_INDEXABLE,https://www.samanportable.com/product/prefabricated-houses/prefab-site-office,Prefab Site Office for Construction Sites | SAMAN,prefabricated site office,Rendered product card/grid; shared listing or commercial template,card,template-generated,prefabricated-houses,TEMPORARY_200_NOINDEX_FOLLOW,/product/prefabricated-houses,PENDING_OWNER_REVIEW,OWNER_DECISION_REQUIRED,MEDIUM_SHARED_TEMPLATE
STG01C-LINK-052,https://www.samanportable.com/product/prefabricated-houses,Prefabricated House │ Built in 15 Days │ SAMAN Portable,APPROVED_LIVE_INDEXABLE,https://www.samanportable.com/product/prefabricated-houses/prefab-site-office,Prefab Site Office for Construction Sites | SAMAN,prefab site office,Rendered product card/grid; shared listing or commercial template,card,template-generated,prefabricated-houses,TEMPORARY_200_NOINDEX_FOLLOW,/product/prefabricated-houses,PENDING_OWNER_REVIEW,OWNER_DECISION_REQUIRED,MEDIUM_SHARED_TEMPLATE
STG01C-LINK-053,https://www.samanportable.com/product/prefabricated-houses/prefabricated-bunkhouse,Prefabricated Bunkhouse — Pre-Built Crew Housing | SAMAN,APPROVED_LIVE_INDEXABLE,https://www.samanportable.com/product/prefabricated-houses/bunkhouse-cabin,Bunkhouse Cabin — Factory-Built Crew Sleeping Unit | SAMAN,bunkhouse cabin,Rendered product card/grid; shared listing or commercial template,card,template-generated,prefabricated-houses,TEMPORARY_200_NOINDEX_FOLLOW,/product/prefabricated-houses/prefabricated-bunkhouse,PENDING_OWNER_REVIEW,OWNER_DECISION_REQUIRED,MEDIUM_SHARED_TEMPLATE
STG01C-LINK-054,https://www.samanportable.com/product/prefabricated-houses/prefabricated-bunkhouse,Prefabricated Bunkhouse — Pre-Built Crew Housing | SAMAN,APPROVED_LIVE_INDEXABLE,https://www.samanportable.com/product/prefabricated-houses/bunkhouse-cabin,Bunkhouse Cabin — Factory-Built Crew Sleeping Unit | SAMAN,bunkhouse cabin,Rendered product card/grid; shared listing or commercial template,card,template-generated,prefabricated-houses,TEMPORARY_200_NOINDEX_FOLLOW,/product/prefabricated-houses/prefabricated-bunkhouse,PENDING_OWNER_REVIEW,OWNER_DECISION_REQUIRED,MEDIUM_SHARED_TEMPLATE
STG01C-LINK-055,https://www.samanportable.com/product/puf-panel,PUF Panel Manufacturer in India | Price & Sizes | SAMAN,APPROVED_LIVE_INDEXABLE,https://www.samanportable.com/product/puf-panel/puf-panel-price,"PUF Panel Price 2026, Rate Per Sq Ft by Thickness | SAMAN",PUF Panel Price PUF Panels View,Rendered related-product rail; shared commercial template,rail,template-generated,puf-panel,TEMPORARY_200_NOINDEX_FOLLOW,/product/puf-panel,PENDING_OWNER_REVIEW,OWNER_DECISION_REQUIRED,MEDIUM_SHARED_TEMPLATE
STG01C-LINK-056,https://www.samanportable.com/product/puf-panel,PUF Panel Manufacturer in India | Price & Sizes | SAMAN,APPROVED_LIVE_INDEXABLE,https://www.samanportable.com/product/puf-panel/puf-panel-roofing,"PUF Panel Roofing Sheet, Insulated Roof Panels | SAMAN",PUF Panel Roofing PUF Panels View,Rendered related-product rail; shared commercial template,rail,template-generated,puf-panel,TEMPORARY_200_NOINDEX_FOLLOW,/product/puf-panel,PENDING_OWNER_REVIEW,OWNER_DECISION_REQUIRED,MEDIUM_SHARED_TEMPLATE
STG01C-LINK-057,https://www.samanportable.com/product/puf-panel,PUF Panel Manufacturer in India | Price & Sizes | SAMAN,APPROVED_LIVE_INDEXABLE,https://www.samanportable.com/product/puf-panel/puf-sandwich-panel,"PUF Sandwich Panel & PUF Sheet, Manufacturer | SAMAN",PUF Sandwich Panel PUF Panels View,Rendered related-product rail; shared commercial template,rail,template-generated,puf-panel,TEMPORARY_200_NOINDEX_FOLLOW,/product/puf-panel,PENDING_OWNER_REVIEW,OWNER_DECISION_REQUIRED,MEDIUM_SHARED_TEMPLATE
STG01C-LINK-058,https://www.samanportable.com/product/puf-panel,PUF Panel Manufacturer in India | Price & Sizes | SAMAN,APPROVED_LIVE_INDEXABLE,https://www.samanportable.com/product/puf-panel/puf-panel-price,"PUF Panel Price 2026, Rate Per Sq Ft by Thickness | SAMAN",PUF Panel Price PUF Panels View,Rendered related-product rail; shared commercial template,rail,template-generated,puf-panel,TEMPORARY_200_NOINDEX_FOLLOW,/product/puf-panel,PENDING_OWNER_REVIEW,OWNER_DECISION_REQUIRED,MEDIUM_SHARED_TEMPLATE
STG01C-LINK-059,https://www.samanportable.com/product/puf-panel,PUF Panel Manufacturer in India | Price & Sizes | SAMAN,APPROVED_LIVE_INDEXABLE,https://www.samanportable.com/product/puf-panel/puf-panel-roofing,"PUF Panel Roofing Sheet, Insulated Roof Panels | SAMAN",PUF Panel Roofing PUF Panels View,Rendered related-product rail; shared commercial template,rail,template-generated,puf-panel,TEMPORARY_200_NOINDEX_FOLLOW,/product/puf-panel,PENDING_OWNER_REVIEW,OWNER_DECISION_REQUIRED,MEDIUM_SHARED_TEMPLATE
STG01C-LINK-060,https://www.samanportable.com/product/puf-panel,PUF Panel Manufacturer in India | Price & Sizes | SAMAN,APPROVED_LIVE_INDEXABLE,https://www.samanportable.com/product/puf-panel/puf-sandwich-panel,"PUF Sandwich Panel & PUF Sheet, Manufacturer | SAMAN",PUF Sandwich Panel PUF Panels View,Rendered related-product rail; shared commercial template,rail,template-generated,puf-panel,TEMPORARY_200_NOINDEX_FOLLOW,/product/puf-panel,PENDING_OWNER_REVIEW,OWNER_DECISION_REQUIRED,MEDIUM_SHARED_TEMPLATE
STG01C-LINK-061,https://www.samanportable.com/product/puf-panel,PUF Panel Manufacturer in India | Price & Sizes | SAMAN,APPROVED_LIVE_INDEXABLE,https://www.samanportable.com/product/puf-panel/puf-panel-roofing,"PUF Panel Roofing Sheet, Insulated Roof Panels | SAMAN",insulated PUF roof panels for factory buildings,Rendered product card/grid; shared listing or commercial template,card,template-generated,puf-panel,TEMPORARY_200_NOINDEX_FOLLOW,/product/puf-panel,PENDING_OWNER_REVIEW,OWNER_DECISION_REQUIRED,MEDIUM_SHARED_TEMPLATE
STG01C-LINK-062,https://www.samanportable.com/product/puf-panel,PUF Panel Manufacturer in India | Price & Sizes | SAMAN,APPROVED_LIVE_INDEXABLE,https://www.samanportable.com/product/puf-panel/puf-panel-price,"PUF Panel Price 2026, Rate Per Sq Ft by Thickness | SAMAN",thickness-wise PUF panel price list,Rendered product card/grid; shared listing or commercial template,card,template-generated,puf-panel,TEMPORARY_200_NOINDEX_FOLLOW,/product/puf-panel,PENDING_OWNER_REVIEW,OWNER_DECISION_REQUIRED,MEDIUM_SHARED_TEMPLATE
STG01C-LINK-063,https://www.samanportable.com/product/puf-panel,PUF Panel Manufacturer in India | Price & Sizes | SAMAN,APPROVED_LIVE_INDEXABLE,https://www.samanportable.com/product/puf-panel/puf-panel-house,"PUF Panel House, Price, Design & Residential Use | SAMAN",PUF panel houses and residential units,Rendered product card/grid; shared listing or commercial template,card,template-generated,puf-panel,TEMPORARY_200_NOINDEX_FOLLOW,/product/puf-panel,PENDING_OWNER_REVIEW,OWNER_DECISION_REQUIRED,MEDIUM_SHARED_TEMPLATE
STG01C-LINK-064,https://www.samanportable.com/product/puf-panel,PUF Panel Manufacturer in India | Price & Sizes | SAMAN,APPROVED_LIVE_INDEXABLE,https://www.samanportable.com/product/puf-panel/puf-panel-specification,"PUF Panel Specification: Thickness, Size & Density | SAMAN",technical specification of our PUF panels,Rendered product card/grid; shared listing or commercial template,card,template-generated,puf-panel,TEMPORARY_200_NOINDEX_FOLLOW,/product/puf-panel,PENDING_OWNER_REVIEW,OWNER_DECISION_REQUIRED,MEDIUM_SHARED_TEMPLATE
STG01C-LINK-065,https://www.samanportable.com/product/puf-panel,PUF Panel Manufacturer in India | Price & Sizes | SAMAN,APPROVED_LIVE_INDEXABLE,https://www.samanportable.com/product/puf-panel/cold-storage-puf-panel,"Cold Storage PUF Panel, Cold Room & Freezer Panels | SAMAN",PUF panels for cold rooms and freezer rooms,Rendered product card/grid; shared listing or commercial template,card,template-generated,puf-panel,TEMPORARY_200_NOINDEX_FOLLOW,/product/puf-panel,PENDING_OWNER_REVIEW,OWNER_DECISION_REQUIRED,MEDIUM_SHARED_TEMPLATE
STG01C-LINK-066,https://www.samanportable.com/product/puf-panel,PUF Panel Manufacturer in India | Price & Sizes | SAMAN,APPROVED_LIVE_INDEXABLE,https://www.samanportable.com/product/puf-panel/puf-sandwich-panel,"PUF Sandwich Panel & PUF Sheet, Manufacturer | SAMAN",our PUF sandwich panel and sheet range,Rendered product card/grid; shared listing or commercial template,card,template-generated,puf-panel,TEMPORARY_200_NOINDEX_FOLLOW,/product/puf-panel,PENDING_OWNER_REVIEW,OWNER_DECISION_REQUIRED,MEDIUM_SHARED_TEMPLATE
STG01C-LINK-067,https://www.samanportable.com/product/puf-panel,PUF Panel Manufacturer in India | Price & Sizes | SAMAN,APPROVED_LIVE_INDEXABLE,https://www.samanportable.com/product/puf-panel/puf-panel-price,"PUF Panel Price 2026, Rate Per Sq Ft by Thickness | SAMAN",PUF Panel Price PUF Panels View,Rendered related-product rail; shared commercial template,rail,template-generated,puf-panel,TEMPORARY_200_NOINDEX_FOLLOW,/product/puf-panel,PENDING_OWNER_REVIEW,OWNER_DECISION_REQUIRED,MEDIUM_SHARED_TEMPLATE
STG01C-LINK-068,https://www.samanportable.com/product/puf-panel,PUF Panel Manufacturer in India | Price & Sizes | SAMAN,APPROVED_LIVE_INDEXABLE,https://www.samanportable.com/product/puf-panel/puf-panel-roofing,"PUF Panel Roofing Sheet, Insulated Roof Panels | SAMAN",PUF Panel Roofing PUF Panels View,Rendered related-product rail; shared commercial template,rail,template-generated,puf-panel,TEMPORARY_200_NOINDEX_FOLLOW,/product/puf-panel,PENDING_OWNER_REVIEW,OWNER_DECISION_REQUIRED,MEDIUM_SHARED_TEMPLATE
STG01C-LINK-069,https://www.samanportable.com/product/puf-panel,PUF Panel Manufacturer in India | Price & Sizes | SAMAN,APPROVED_LIVE_INDEXABLE,https://www.samanportable.com/product/puf-panel/puf-sandwich-panel,"PUF Sandwich Panel & PUF Sheet, Manufacturer | SAMAN",PUF Sandwich Panel PUF Panels View,Rendered related-product rail; shared commercial template,rail,template-generated,puf-panel,TEMPORARY_200_NOINDEX_FOLLOW,/product/puf-panel,PENDING_OWNER_REVIEW,OWNER_DECISION_REQUIRED,MEDIUM_SHARED_TEMPLATE
STG01C-LINK-070,https://www.samanportable.com/product/puf-panel/puf-wall-panel,"PUF Wall Panel, Partition & Ceiling Panels | SAMAN",APPROVED_LIVE_INDEXABLE,https://www.samanportable.com/product/puf-panel/puf-panel-house,"PUF Panel House, Price, Design & Residential Use | SAMAN",PUF Panel House PUF Panels View,Rendered related-product rail; shared commercial template,rail,template-generated,puf-panel,TEMPORARY_200_NOINDEX_FOLLOW,/product/puf-panel,PENDING_OWNER_REVIEW,OWNER_DECISION_REQUIRED,MEDIUM_SHARED_TEMPLATE
STG01C-LINK-071,https://www.samanportable.com/product/puf-panel/puf-wall-panel,"PUF Wall Panel, Partition & Ceiling Panels | SAMAN",APPROVED_LIVE_INDEXABLE,https://www.samanportable.com/product/puf-panel/puf-panel-specification,"PUF Panel Specification: Thickness, Size & Density | SAMAN",PUF Panel Specification PUF Panels View,Rendered related-product rail; shared commercial template,rail,template-generated,puf-panel,TEMPORARY_200_NOINDEX_FOLLOW,/product/puf-panel,PENDING_OWNER_REVIEW,OWNER_DECISION_REQUIRED,MEDIUM_SHARED_TEMPLATE
STG01C-LINK-072,https://www.samanportable.com/product/puf-panel/puf-wall-panel,"PUF Wall Panel, Partition & Ceiling Panels | SAMAN",APPROVED_LIVE_INDEXABLE,https://www.samanportable.com/product/puf-panel/puf-panel-specification,"PUF Panel Specification: Thickness, Size & Density | SAMAN",detailed PUF panel specifications and sizes,Rendered product card/grid; shared listing or commercial template,card,template-generated,puf-panel,TEMPORARY_200_NOINDEX_FOLLOW,/product/puf-panel,PENDING_OWNER_REVIEW,OWNER_DECISION_REQUIRED,MEDIUM_SHARED_TEMPLATE
STG01C-LINK-073,https://www.samanportable.com/product/puf-panel/puf-wall-panel,"PUF Wall Panel, Partition & Ceiling Panels | SAMAN",APPROVED_LIVE_INDEXABLE,https://www.samanportable.com/product/puf-panel/puf-panel-specification,"PUF Panel Specification: Thickness, Size & Density | SAMAN",PUF panel specification,Rendered product card/grid; shared listing or commercial template,card,template-generated,puf-panel,TEMPORARY_200_NOINDEX_FOLLOW,/product/puf-panel,PENDING_OWNER_REVIEW,OWNER_DECISION_REQUIRED,MEDIUM_SHARED_TEMPLATE
STG01C-LINK-074,https://www.samanportable.com/product/puf-panel/puf-wall-panel,"PUF Wall Panel, Partition & Ceiling Panels | SAMAN",APPROVED_LIVE_INDEXABLE,https://www.samanportable.com/product/puf-panel/puf-panel-house,"PUF Panel House, Price, Design & Residential Use | SAMAN",PUF Panel House PUF Panels View,Rendered related-product rail; shared commercial template,rail,template-generated,puf-panel,TEMPORARY_200_NOINDEX_FOLLOW,/product/puf-panel,PENDING_OWNER_REVIEW,OWNER_DECISION_REQUIRED,MEDIUM_SHARED_TEMPLATE
STG01C-LINK-075,https://www.samanportable.com/product/puf-panel/puf-wall-panel,"PUF Wall Panel, Partition & Ceiling Panels | SAMAN",APPROVED_LIVE_INDEXABLE,https://www.samanportable.com/product/puf-panel/puf-panel-specification,"PUF Panel Specification: Thickness, Size & Density | SAMAN",PUF Panel Specification PUF Panels View,Rendered related-product rail; shared commercial template,rail,template-generated,puf-panel,TEMPORARY_200_NOINDEX_FOLLOW,/product/puf-panel,PENDING_OWNER_REVIEW,OWNER_DECISION_REQUIRED,MEDIUM_SHARED_TEMPLATE
STG01C-LINK-076,https://www.samanportable.com/product/roofing-sheet,"Roofing Sheet, All Roof Sheet Types, Sizes & Designs | SAMAN",APPROVED_LIVE_INDEXABLE,https://www.samanportable.com/product/sandwich-panel,"Sandwich Panel Manufacturer in India, Types, Cores & Sizes | SAMAN",Sandwich Panels Sandwich Panel,Rendered related-product rail; shared commercial template,rail,template-generated,sandwich-panel,TEMPORARY_200_NOINDEX_FOLLOW,OWNER_MAPPING_REQUIRED,PENDING_OWNER_REVIEW,OWNER_DECISION_REQUIRED,MEDIUM_SHARED_TEMPLATE
STG01C-LINK-077,https://www.samanportable.com/product/roofing-sheet,"Roofing Sheet, All Roof Sheet Types, Sizes & Designs | SAMAN",APPROVED_LIVE_INDEXABLE,https://www.samanportable.com/product/sandwich-panel,"Sandwich Panel Manufacturer in India, Types, Cores & Sizes | SAMAN",Sandwich Panels Sandwich Panel,Rendered related-product rail; shared commercial template,rail,template-generated,sandwich-panel,TEMPORARY_200_NOINDEX_FOLLOW,OWNER_MAPPING_REQUIRED,PENDING_OWNER_REVIEW,OWNER_DECISION_REQUIRED,MEDIUM_SHARED_TEMPLATE
STG01C-LINK-078,https://www.samanportable.com/product/roofing-sheet,"Roofing Sheet, All Roof Sheet Types, Sizes & Designs | SAMAN",APPROVED_LIVE_INDEXABLE,https://www.samanportable.com/product/puf-panel/puf-panel-roofing,"PUF Panel Roofing Sheet, Insulated Roof Panels | SAMAN",insulated PUF roofing panels for temperature-controlled roofs,Rendered main/article content location,contextual,contextual,puf-panel,TEMPORARY_200_NOINDEX_FOLLOW,/product/puf-panel,PENDING_OWNER_REVIEW,OWNER_DECISION_REQUIRED,MEDIUM_CONTEXTUAL_JUDGMENT
STG01C-LINK-079,https://www.samanportable.com/product/roofing-sheet/polycarbonate-roofing-sheet,"Polycarbonate Roofing Sheet, Solid, Multiwall & Corrugated | SAMAN",APPROVED_LIVE_INDEXABLE,https://www.samanportable.com/product/sandwich-panel,"Sandwich Panel Manufacturer in India, Types, Cores & Sizes | SAMAN",Sandwich Panels Sandwich Panel,Rendered related-product rail; shared commercial template,rail,template-generated,sandwich-panel,TEMPORARY_200_NOINDEX_FOLLOW,OWNER_MAPPING_REQUIRED,PENDING_OWNER_REVIEW,OWNER_DECISION_REQUIRED,MEDIUM_SHARED_TEMPLATE
STG01C-LINK-080,https://www.samanportable.com/product/roofing-sheet/polycarbonate-roofing-sheet,"Polycarbonate Roofing Sheet, Solid, Multiwall & Corrugated | SAMAN",APPROVED_LIVE_INDEXABLE,https://www.samanportable.com/product/sandwich-panel,"Sandwich Panel Manufacturer in India, Types, Cores & Sizes | SAMAN",Sandwich Panels Sandwich Panel,Rendered related-product rail; shared commercial template,rail,template-generated,sandwich-panel,TEMPORARY_200_NOINDEX_FOLLOW,OWNER_MAPPING_REQUIRED,PENDING_OWNER_REVIEW,OWNER_DECISION_REQUIRED,MEDIUM_SHARED_TEMPLATE
STG01C-LINK-081,https://www.samanportable.com/product/roofing-sheet/polycarbonate-roofing-sheet,"Polycarbonate Roofing Sheet, Solid, Multiwall & Corrugated | SAMAN",APPROVED_LIVE_INDEXABLE,https://www.samanportable.com/product/puf-panel/puf-panel-roofing,"PUF Panel Roofing Sheet, Insulated Roof Panels | SAMAN",PUF panel roofing we manufacture ourselves,Rendered main/article content location,contextual,contextual,puf-panel,TEMPORARY_200_NOINDEX_FOLLOW,/product/puf-panel,PENDING_OWNER_REVIEW,OWNER_DECISION_REQUIRED,MEDIUM_CONTEXTUAL_JUDGMENT
STG01C-LINK-082,https://www.samanportable.com/product/security-cabins,Security Cabins │ Guard Posts for Every Site │ SAMAN Portable,APPROVED_LIVE_INDEXABLE,https://www.samanportable.com/product/security-cabins/security-guard-cabin,Security Guard Cabin │ Pre-Built 6×6×9 ft │ SAMAN Portable,security guard cabin,Rendered product card/grid; shared listing or commercial template,card,template-generated,security-cabins,TEMPORARY_200_NOINDEX_FOLLOW,/product/security-cabins,PENDING_OWNER_REVIEW,OWNER_DECISION_REQUIRED,MEDIUM_SHARED_TEMPLATE
STG01C-LINK-083,https://www.samanportable.com/product/security-cabins,Security Cabins │ Guard Posts for Every Site │ SAMAN Portable,APPROVED_LIVE_INDEXABLE,https://www.samanportable.com/product/security-cabins/prefabricated-security-cabin,Prefabricated Security Cabin │ Custom-Built │ SAMAN Portable,prefabricated security cabin,Rendered product card/grid; shared listing or commercial template,card,template-generated,security-cabins,TEMPORARY_200_NOINDEX_FOLLOW,/product/security-cabins,PENDING_OWNER_REVIEW,OWNER_DECISION_REQUIRED,MEDIUM_SHARED_TEMPLATE
STG01C-LINK-084,https://www.samanportable.com/product/security-cabins,Security Cabins │ Guard Posts for Every Site │ SAMAN Portable,APPROVED_LIVE_INDEXABLE,https://www.samanportable.com/product/security-cabins/portable-security-cabin,Portable Security Cabin │ Relocate Any Post │ SAMAN Portable,portable security cabin,Rendered product card/grid; shared listing or commercial template,card,template-generated,security-cabins,TEMPORARY_200_NOINDEX_FOLLOW,/product/security-cabins,PENDING_OWNER_REVIEW,OWNER_DECISION_REQUIRED,MEDIUM_SHARED_TEMPLATE
STG01C-LINK-085,https://www.samanportable.com/product/security-cabins,Security Cabins │ Guard Posts for Every Site │ SAMAN Portable,APPROVED_LIVE_INDEXABLE,https://www.samanportable.com/product/security-cabins/readymade-security-cabin,Readymade Security Cabin │ Pre-Built 8×6 Stock │ SAMAN,readymade security cabin,Rendered product card/grid; shared listing or commercial template,card,template-generated,security-cabins,TEMPORARY_200_NOINDEX_FOLLOW,/product/security-cabins,PENDING_OWNER_REVIEW,OWNER_DECISION_REQUIRED,MEDIUM_SHARED_TEMPLATE
STG01C-LINK-086,https://www.samanportable.com/container-office-in-ahmedabad,Container Office in Ahmedabad | SAMAN Factory,OTHER_SITEMAP_INDEXABLE,https://www.samanportable.com/product-category/container-offices,Container Office Types & Range – Pre-Built | SAMAN,container office configurations and pricing factors,Rendered main/article content location,contextual,contextual,container-offices,TEMPORARY_200_NOINDEX_FOLLOW,/product/container-offices,PENDING_OWNER_REVIEW,OWNER_DECISION_REQUIRED,MEDIUM_CONTEXTUAL_JUDGMENT
STG01C-LINK-087,https://www.samanportable.com/container-office-in-ahmedabad,Container Office in Ahmedabad | SAMAN Factory,OTHER_SITEMAP_INDEXABLE,https://www.samanportable.com/product/portable-office/portable-office-container,Portable Office Container │ Built to Relocate │ SAMAN,mobile office container for changing site needs,Rendered main/article content location,contextual,contextual,portable-office,TEMPORARY_200_NOINDEX_FOLLOW,/product/portable-office,PENDING_OWNER_REVIEW,OWNER_DECISION_REQUIRED,MEDIUM_CONTEXTUAL_JUDGMENT
STG01C-LINK-088,https://www.samanportable.com/container-office-in-bangalore,Container Office in Bangalore | SAMAN Factory,OTHER_SITEMAP_INDEXABLE,https://www.samanportable.com/product-category/container-offices,Container Office Types & Range – Pre-Built | SAMAN,container offices in Bommasandra,Rendered main/article content location,contextual,contextual,container-offices,TEMPORARY_200_NOINDEX_FOLLOW,/product/container-offices,PENDING_OWNER_REVIEW,OWNER_DECISION_REQUIRED,MEDIUM_CONTEXTUAL_JUDGMENT
STG01C-LINK-089,https://www.samanportable.com/container-office-in-bangalore,Container Office in Bangalore | SAMAN Factory,OTHER_SITEMAP_INDEXABLE,https://www.samanportable.com/product-category/container-offices,Container Office Types & Range – Pre-Built | SAMAN,container office units in Hoskote,Rendered main/article content location,contextual,contextual,container-offices,TEMPORARY_200_NOINDEX_FOLLOW,/product/container-offices,PENDING_OWNER_REVIEW,OWNER_DECISION_REQUIRED,MEDIUM_CONTEXTUAL_JUDGMENT
STG01C-LINK-090,https://www.samanportable.com/container-office-in-chennai,Container Office in Chennai | SAMAN Factory,OTHER_SITEMAP_INDEXABLE,https://www.samanportable.com/product-category/container-offices,Container Office Types & Range – Pre-Built | SAMAN,the full range of container offices we build,Rendered main/article content location,contextual,contextual,container-offices,TEMPORARY_200_NOINDEX_FOLLOW,/product/container-offices,PENDING_OWNER_REVIEW,OWNER_DECISION_REQUIRED,MEDIUM_CONTEXTUAL_JUDGMENT
STG01C-LINK-091,https://www.samanportable.com/container-office-in-chennai,Container Office in Chennai | SAMAN Factory,OTHER_SITEMAP_INDEXABLE,https://www.samanportable.com/product/portable-office/portable-office-container,Portable Office Container │ Built to Relocate │ SAMAN,mobile container office that relocates between sites,Rendered main/article content location,contextual,contextual,portable-office,TEMPORARY_200_NOINDEX_FOLLOW,/product/portable-office,PENDING_OWNER_REVIEW,OWNER_DECISION_REQUIRED,MEDIUM_CONTEXTUAL_JUDGMENT
STG01C-LINK-092,https://www.samanportable.com/container-office-in-chennai,Container Office in Chennai | SAMAN Factory,OTHER_SITEMAP_INDEXABLE,https://www.samanportable.com/product-category/container-offices,Container Office Types & Range – Pre-Built | SAMAN,container office delivery in Hosur,Rendered main/article content location,contextual,contextual,container-offices,TEMPORARY_200_NOINDEX_FOLLOW,/product/container-offices,PENDING_OWNER_REVIEW,OWNER_DECISION_REQUIRED,MEDIUM_CONTEXTUAL_JUDGMENT
STG01C-LINK-093,https://www.samanportable.com/container-office-in-chennai,Container Office in Chennai | SAMAN Factory,OTHER_SITEMAP_INDEXABLE,https://www.samanportable.com/product-category/container-offices,Container Office Types & Range – Pre-Built | SAMAN,factory-built units in Bommasandra,Rendered main/article content location,contextual,contextual,container-offices,TEMPORARY_200_NOINDEX_FOLLOW,/product/container-offices,PENDING_OWNER_REVIEW,OWNER_DECISION_REQUIRED,MEDIUM_CONTEXTUAL_JUDGMENT
STG01C-LINK-094,https://www.samanportable.com/container-office-in-dehradun,Container Office in Dehradun | SAMAN Manufacturer,OTHER_SITEMAP_INDEXABLE,https://www.samanportable.com/product/portable-office/portable-office-container,Portable Office Container │ Built to Relocate │ SAMAN,mobile office containers for project teams,Rendered main/article content location,contextual,contextual,portable-office,TEMPORARY_200_NOINDEX_FOLLOW,/product/portable-office,PENDING_OWNER_REVIEW,OWNER_DECISION_REQUIRED,MEDIUM_CONTEXTUAL_JUDGMENT
STG01C-LINK-095,https://www.samanportable.com/container-office-in-gwalior,Container Office in Gwalior | SAMAN Manufacturer,OTHER_SITEMAP_INDEXABLE,https://www.samanportable.com/product/portable-office/portable-office-container,Portable Office Container │ Built to Relocate │ SAMAN,mobile container offices for shifting sites,Rendered main/article content location,contextual,contextual,portable-office,TEMPORARY_200_NOINDEX_FOLLOW,/product/portable-office,PENDING_OWNER_REVIEW,OWNER_DECISION_REQUIRED,MEDIUM_CONTEXTUAL_JUDGMENT
STG01C-LINK-096,https://www.samanportable.com/container-office-in-hyderabad,Container Office in Hyderabad | SAMAN Factory,OTHER_SITEMAP_INDEXABLE,https://www.samanportable.com/product-category/container-offices,Container Office Types & Range – Pre-Built | SAMAN,every container office configuration we offer,Rendered main/article content location,contextual,contextual,container-offices,TEMPORARY_200_NOINDEX_FOLLOW,/product/container-offices,PENDING_OWNER_REVIEW,OWNER_DECISION_REQUIRED,MEDIUM_CONTEXTUAL_JUDGMENT
STG01C-LINK-097,https://www.samanportable.com/container-office-in-hyderabad,Container Office in Hyderabad | SAMAN Factory,OTHER_SITEMAP_INDEXABLE,https://www.samanportable.com/product-category/container-offices,Container Office Types & Range – Pre-Built | SAMAN,container office supply across the Bangalore belt,Rendered main/article content location,contextual,contextual,container-offices,TEMPORARY_200_NOINDEX_FOLLOW,/product/container-offices,PENDING_OWNER_REVIEW,OWNER_DECISION_REQUIRED,MEDIUM_CONTEXTUAL_JUDGMENT
STG01C-LINK-098,https://www.samanportable.com/container-office-in-hyderabad,Container Office in Hyderabad | SAMAN Factory,OTHER_SITEMAP_INDEXABLE,https://www.samanportable.com/product-category/container-offices,Container Office Types & Range – Pre-Built | SAMAN,industrial-grade units near Hosur,Rendered main/article content location,contextual,contextual,container-offices,TEMPORARY_200_NOINDEX_FOLLOW,/product/container-offices,PENDING_OWNER_REVIEW,OWNER_DECISION_REQUIRED,MEDIUM_CONTEXTUAL_JUDGMENT
STG01C-LINK-099,https://www.samanportable.com/container-office-in-jalandhar,Container Office in Jalandhar | SAMAN Focal Point Offices,OTHER_SITEMAP_INDEXABLE,https://www.samanportable.com/product/portable-office/portable-office-container,Portable Office Container │ Built to Relocate │ SAMAN,a mobile container office for export-unit expansions,Rendered main/article content location,contextual,contextual,portable-office,TEMPORARY_200_NOINDEX_FOLLOW,/product/portable-office,PENDING_OWNER_REVIEW,OWNER_DECISION_REQUIRED,MEDIUM_CONTEXTUAL_JUDGMENT
STG01C-LINK-100,https://www.samanportable.com/container-office-in-kochi,Container Office in Kochi | SAMAN Manufacturer,OTHER_SITEMAP_INDEXABLE,https://www.samanportable.com/product-category/container-offices,Container Office Types & Range – Pre-Built | SAMAN,the container office category we manufacture,Rendered main/article content location,contextual,contextual,container-offices,TEMPORARY_200_NOINDEX_FOLLOW,/product/container-offices,PENDING_OWNER_REVIEW,OWNER_DECISION_REQUIRED,MEDIUM_CONTEXTUAL_JUDGMENT
STG01C-LINK-101,https://www.samanportable.com/container-office-in-kolkata,Container Office in Kolkata | SAMAN Factory,OTHER_SITEMAP_INDEXABLE,https://www.samanportable.com/product-category/container-offices,Container Office Types & Range – Pre-Built | SAMAN,the container office lineup and specifications,Rendered main/article content location,contextual,contextual,container-offices,TEMPORARY_200_NOINDEX_FOLLOW,/product/container-offices,PENDING_OWNER_REVIEW,OWNER_DECISION_REQUIRED,MEDIUM_CONTEXTUAL_JUDGMENT
STG01C-LINK-102,https://www.samanportable.com/container-office-in-kolkata,Container Office in Kolkata | SAMAN Factory,OTHER_SITEMAP_INDEXABLE,https://www.samanportable.com/product/portable-office/portable-office-container,Portable Office Container │ Built to Relocate │ SAMAN,container portable office for site teams,Rendered main/article content location,contextual,contextual,portable-office,TEMPORARY_200_NOINDEX_FOLLOW,/product/portable-office,PENDING_OWNER_REVIEW,OWNER_DECISION_REQUIRED,MEDIUM_CONTEXTUAL_JUDGMENT
STG01C-LINK-103,https://www.samanportable.com/container-office-in-lucknow,Container Office in Lucknow | SAMAN Factory,OTHER_SITEMAP_INDEXABLE,https://www.samanportable.com/product-category/container-offices,Container Office Types & Range – Pre-Built | SAMAN,"container office range, sizes and pricing",Rendered main/article content location,contextual,contextual,container-offices,TEMPORARY_200_NOINDEX_FOLLOW,/product/container-offices,PENDING_OWNER_REVIEW,OWNER_DECISION_REQUIRED,MEDIUM_CONTEXTUAL_JUDGMENT
STG01C-LINK-104,https://www.samanportable.com/container-office-in-ludhiana,Container Office in Ludhiana | SAMAN Manufacturer,OTHER_SITEMAP_INDEXABLE,https://www.samanportable.com/product/portable-office/portable-office-container,Portable Office Container │ Built to Relocate │ SAMAN,a mobile container office for multi-site MSMEs,Rendered main/article content location,contextual,contextual,portable-office,TEMPORARY_200_NOINDEX_FOLLOW,/product/portable-office,PENDING_OWNER_REVIEW,OWNER_DECISION_REQUIRED,MEDIUM_CONTEXTUAL_JUDGMENT
STG01C-LINK-105,https://www.samanportable.com/container-office-in-mangalore,Container Office in Mangalore | SAMAN Maker,OTHER_SITEMAP_INDEXABLE,https://www.samanportable.com/product-category/container-offices,Container Office Types & Range – Pre-Built | SAMAN,our range of container office models,Rendered main/article content location,contextual,contextual,container-offices,TEMPORARY_200_NOINDEX_FOLLOW,/product/container-offices,PENDING_OWNER_REVIEW,OWNER_DECISION_REQUIRED,MEDIUM_CONTEXTUAL_JUDGMENT
STG01C-LINK-106,https://www.samanportable.com/container-office-in-mangalore,Container Office in Mangalore | SAMAN Maker,OTHER_SITEMAP_INDEXABLE,https://www.samanportable.com/product/portable-office/portable-office-container,Portable Office Container │ Built to Relocate │ SAMAN,a relocatable mobile office container,Rendered main/article content location,contextual,contextual,portable-office,TEMPORARY_200_NOINDEX_FOLLOW,/product/portable-office,PENDING_OWNER_REVIEW,OWNER_DECISION_REQUIRED,MEDIUM_CONTEXTUAL_JUDGMENT
STG01C-LINK-107,https://www.samanportable.com/container-office-in-mumbai,Container Office in Mumbai | SAMAN Factory,OTHER_SITEMAP_INDEXABLE,https://www.samanportable.com/product-category/container-offices,Container Office Types & Range – Pre-Built | SAMAN,the container office range and specifications,Rendered main/article content location,contextual,contextual,container-offices,TEMPORARY_200_NOINDEX_FOLLOW,/product/container-offices,PENDING_OWNER_REVIEW,OWNER_DECISION_REQUIRED,MEDIUM_CONTEXTUAL_JUDGMENT
STG01C-LINK-108,https://www.samanportable.com/container-office-in-mysore,Container Office in Mysore | SAMAN Manufacturer,OTHER_SITEMAP_INDEXABLE,https://www.samanportable.com/product-category/container-offices,Container Office Types & Range – Pre-Built | SAMAN,our full container office product category,Rendered main/article content location,contextual,contextual,container-offices,TEMPORARY_200_NOINDEX_FOLLOW,/product/container-offices,PENDING_OWNER_REVIEW,OWNER_DECISION_REQUIRED,MEDIUM_CONTEXTUAL_JUDGMENT
STG01C-LINK-109,https://www.samanportable.com/container-office-in-mysore,Container Office in Mysore | SAMAN Manufacturer,OTHER_SITEMAP_INDEXABLE,https://www.samanportable.com/product/portable-office/portable-office-container,Portable Office Container │ Built to Relocate │ SAMAN,a mobile container office for shifting sites,Rendered main/article content location,contextual,contextual,portable-office,TEMPORARY_200_NOINDEX_FOLLOW,/product/portable-office,PENDING_OWNER_REVIEW,OWNER_DECISION_REQUIRED,MEDIUM_CONTEXTUAL_JUDGMENT
STG01C-LINK-110,https://www.samanportable.com/container-office-in-surat,Container Office in Surat | SAMAN Manufacturer,OTHER_SITEMAP_INDEXABLE,https://www.samanportable.com/product-category/container-offices,Container Office Types & Range – Pre-Built | SAMAN,the container office category we build to order,Rendered main/article content location,contextual,contextual,container-offices,TEMPORARY_200_NOINDEX_FOLLOW,/product/container-offices,PENDING_OWNER_REVIEW,OWNER_DECISION_REQUIRED,MEDIUM_CONTEXTUAL_JUDGMENT
STG01C-LINK-111,https://www.samanportable.com/container-office-in-tirupur,Container Office in Tirupur | SAMAN Garment Site Offices,OTHER_SITEMAP_INDEXABLE,https://www.samanportable.com/product-category/container-offices,Container Office Types & Range – Pre-Built | SAMAN,container offices for sale in the Hosur belt,Rendered main/article content location,contextual,contextual,container-offices,TEMPORARY_200_NOINDEX_FOLLOW,/product/container-offices,PENDING_OWNER_REVIEW,OWNER_DECISION_REQUIRED,MEDIUM_CONTEXTUAL_JUDGMENT
STG01C-LINK-112,https://www.samanportable.com/container-office-in-visakhapatnam,Container Office in Visakhapatnam | SAMAN,OTHER_SITEMAP_INDEXABLE,https://www.samanportable.com/product-category/container-offices,Container Office Types & Range – Pre-Built | SAMAN,the container office range we build in-house,Rendered main/article content location,contextual,contextual,container-offices,TEMPORARY_200_NOINDEX_FOLLOW,/product/container-offices,PENDING_OWNER_REVIEW,OWNER_DECISION_REQUIRED,MEDIUM_CONTEXTUAL_JUDGMENT
STG01C-LINK-113,https://www.samanportable.com/industrial-sheds-in-bangalore,"Industrial Sheds in Bangalore | Types, Sizes and Cost",OTHER_SITEMAP_INDEXABLE,https://www.samanportable.com/product/industrial-sheds/prefabricated-industrial-shed,Prefabricated Industrial Shed │ Pre-Built Steel │ SAMAN,prefabricated industrial shed,Rendered main/article content location,contextual,contextual,industrial-sheds,TEMPORARY_200_NOINDEX_FOLLOW,/product/industrial-sheds,PENDING_OWNER_REVIEW,OWNER_DECISION_REQUIRED,MEDIUM_CONTEXTUAL_JUDGMENT
STG01C-LINK-114,https://www.samanportable.com/portable-toilets-in-bangalore,Top 10 Portable Toilets in Bangalore: Hygienic Solutions,OTHER_SITEMAP_INDEXABLE,https://www.samanportable.com/product/portable-toilet/readymade-toilet-cabin,"Readymade Toilet Cabin │ Factory-Fitted, No Wait │ SAMAN",Portable toilets,Rendered main/article content location,contextual,contextual,portable-toilet,TEMPORARY_200_NOINDEX_FOLLOW,/product/portable-toilet,PENDING_OWNER_REVIEW,OWNER_DECISION_REQUIRED,MEDIUM_CONTEXTUAL_JUDGMENT
STG01C-LINK-115,https://www.samanportable.com/portable-toilets-in-bangalore,Top 10 Portable Toilets in Bangalore: Hygienic Solutions,OTHER_SITEMAP_INDEXABLE,https://www.samanportable.com/product/portable-toilet/readymade-toilet-cabin,"Readymade Toilet Cabin │ Factory-Fitted, No Wait │ SAMAN",readymade toilet cabin,Rendered main/article content location,contextual,contextual,portable-toilet,TEMPORARY_200_NOINDEX_FOLLOW,/product/portable-toilet,PENDING_OWNER_REVIEW,OWNER_DECISION_REQUIRED,MEDIUM_CONTEXTUAL_JUDGMENT
STG01C-LINK-116,https://www.samanportable.com/pre-engineered-buildings-in-bangalore,Pre-Engineered Building Manufacturer in Bangalore | SAMAN,OTHER_SITEMAP_INDEXABLE,https://www.samanportable.com/product/peb-constructions/peb-steel-structure,"PEB Steel Structure │ IS-Certified, Custom Span │ SAMAN",PEB structure,Rendered main/article content location,contextual,contextual,peb-constructions,TEMPORARY_200_NOINDEX_FOLLOW,/product/pre-engineered-buildings,PENDING_OWNER_REVIEW,OWNER_DECISION_REQUIRED,MEDIUM_CONTEXTUAL_JUDGMENT
STG01C-LINK-117,https://www.samanportable.com/pre-engineered-buildings-in-bangalore,Pre-Engineered Building Manufacturer in Bangalore | SAMAN,OTHER_SITEMAP_INDEXABLE,https://www.samanportable.com/product/peb-constructions,"PEB Construction │ Turnkey Design, Supply & Erect │ SAMAN",peb construction,Rendered main/article content location,contextual,contextual,peb-constructions,TEMPORARY_200_NOINDEX_FOLLOW,/product/pre-engineered-buildings,PENDING_OWNER_REVIEW,OWNER_DECISION_REQUIRED,MEDIUM_CONTEXTUAL_JUDGMENT
STG01C-LINK-118,https://www.samanportable.com/pre-engineered-buildings-in-bangalore,Pre-Engineered Building Manufacturer in Bangalore | SAMAN,OTHER_SITEMAP_INDEXABLE,https://www.samanportable.com/product/pre-engineered-buildings/pre-engineered-building-structures,Pre-Engineered Building Structure │ Custom Steel │ SAMAN,popularity of pre-engineered structures,Rendered main/article content location,contextual,contextual,pre-engineered-buildings,TEMPORARY_200_NOINDEX_FOLLOW,/product/pre-engineered-buildings,PENDING_OWNER_REVIEW,OWNER_DECISION_REQUIRED,MEDIUM_CONTEXTUAL_JUDGMENT
STG01C-LINK-119,https://www.samanportable.com/prefabricated-warehouse-manufacturer-in-bangalore,Prefab Warehouse Manufacturer in Bangalore | SAMAN,OTHER_SITEMAP_INDEXABLE,https://www.samanportable.com/product/industrial-sheds/prefabricated-industrial-shed,Prefabricated Industrial Shed │ Pre-Built Steel │ SAMAN,prefabricated industrial shed,Rendered main/article content location,contextual,contextual,industrial-sheds,TEMPORARY_200_NOINDEX_FOLLOW,/product/industrial-sheds,PENDING_OWNER_REVIEW,OWNER_DECISION_REQUIRED,MEDIUM_CONTEXTUAL_JUDGMENT
STG01C-LINK-120,https://www.samanportable.com/ship-container-price-in-india,Ship Container Price in India 2026 │ Size-Wise Guide │ SAMAN,OTHER_SITEMAP_INDEXABLE,https://www.samanportable.com/product/container-houses/affordable-container-homes,Affordable Container Homes │ Pre-Built │ SAMAN,affordable home unit,Rendered main/article content location,contextual,contextual,container-houses,TEMPORARY_200_NOINDEX_FOLLOW,/product/container-houses,PENDING_OWNER_REVIEW,OWNER_DECISION_REQUIRED,MEDIUM_CONTEXTUAL_JUDGMENT
STG01C-LINK-121,https://www.samanportable.com/,"SAMAN Portable, ISO-Certified Modular Building Manufacturer, India",OTHER_SITEMAP_INDEXABLE,https://www.samanportable.com/product/sandwich-panel,"Sandwich Panel Manufacturer in India, Types, Cores & Sizes | SAMAN",Sandwich Panels,Rendered main content; shared commercial template,shared-template,template-generated,sandwich-panel,TEMPORARY_200_NOINDEX_FOLLOW,OWNER_MAPPING_REQUIRED,PENDING_OWNER_REVIEW,OWNER_DECISION_REQUIRED,MEDIUM_SHARED_TEMPLATE
STG01C-LINK-122,https://www.samanportable.com/,"SAMAN Portable, ISO-Certified Modular Building Manufacturer, India",OTHER_SITEMAP_INDEXABLE,https://www.samanportable.com/product/sandwich-panel,"Sandwich Panel Manufacturer in India, Types, Cores & Sizes | SAMAN",Explore Sandwich Panels,Rendered main content; shared commercial template,shared-template,template-generated,sandwich-panel,TEMPORARY_200_NOINDEX_FOLLOW,OWNER_MAPPING_REQUIRED,PENDING_OWNER_REVIEW,OWNER_DECISION_REQUIRED,MEDIUM_SHARED_TEMPLATE
STG01C-LINK-123,https://www.samanportable.com/,"SAMAN Portable, ISO-Certified Modular Building Manufacturer, India",OTHER_SITEMAP_INDEXABLE,https://www.samanportable.com/product/wall-sheet,"Wall Sheets: PVC, UV Marble, Fluted & WPC Panels | SAMAN",Wall Sheets,Rendered main content; shared commercial template,shared-template,template-generated,wall-sheet,TEMPORARY_200_NOINDEX_FOLLOW,OWNER_MAPPING_REQUIRED,PENDING_OWNER_REVIEW,OWNER_DECISION_REQUIRED,MEDIUM_SHARED_TEMPLATE
STG01C-LINK-124,https://www.samanportable.com/,"SAMAN Portable, ISO-Certified Modular Building Manufacturer, India",OTHER_SITEMAP_INDEXABLE,https://www.samanportable.com/product/wall-sheet,"Wall Sheets: PVC, UV Marble, Fluted & WPC Panels | SAMAN",Browse all products,Rendered main content; shared commercial template,shared-template,template-generated,wall-sheet,TEMPORARY_200_NOINDEX_FOLLOW,OWNER_MAPPING_REQUIRED,PENDING_OWNER_REVIEW,OWNER_DECISION_REQUIRED,MEDIUM_SHARED_TEMPLATE
STG01C-LINK-125,https://www.samanportable.com/customized-prefab-structures-ncr,Custom Prefab Structures in NCR | Tailored Solutions,OTHER_SITEMAP_INDEXABLE,https://www.samanportable.com/product/prefab-buildings/modular-office-buildings,"Modular Office Buildings │ Multi-Room, Multi-Floor │ SAMAN",modular office buildings,Rendered main/article content location,contextual,contextual,prefab-buildings,TEMPORARY_200_NOINDEX_FOLLOW,/product/prefab-buildings,PENDING_OWNER_REVIEW,OWNER_DECISION_REQUIRED,MEDIUM_CONTEXTUAL_JUDGMENT
STG01C-LINK-126,https://www.samanportable.com/discount-mobile-office-units,Mobile Office Unit Cost Guide — Factory-Fitted India Pricing,OTHER_SITEMAP_INDEXABLE,https://www.samanportable.com/product/portable-office/portable-office-container,Portable Office Container │ Built to Relocate │ SAMAN,our 20ft portable office container configuration,Rendered main/article content location,contextual,contextual,portable-office,TEMPORARY_200_NOINDEX_FOLLOW,/product/portable-office,PENDING_OWNER_REVIEW,OWNER_DECISION_REQUIRED,MEDIUM_CONTEXTUAL_JUDGMENT
STG01C-LINK-127,https://www.samanportable.com/in-the-long-run-are-prefabricated-industrial-buildings-more-cost-effective,Long-Term Savings with Prefabricated Industrial Buildings,OTHER_SITEMAP_INDEXABLE,https://www.samanportable.com/product/industrial-sheds/prefabricated-industrial-shed,Prefabricated Industrial Shed │ Pre-Built Steel │ SAMAN,prefabricated industrial shed,Rendered main/article content location,contextual,contextual,industrial-sheds,TEMPORARY_200_NOINDEX_FOLLOW,/product/industrial-sheds,PENDING_OWNER_REVIEW,OWNER_DECISION_REQUIRED,MEDIUM_CONTEXTUAL_JUDGMENT
STG01C-LINK-128,https://www.samanportable.com/low-cost-modular-office-solutions,Modular Office Cost Guide | Factory-Built India Pricing,OTHER_SITEMAP_INDEXABLE,https://www.samanportable.com/product/prefab-buildings/modular-office-buildings,"Modular Office Buildings │ Multi-Room, Multi-Floor │ SAMAN",multi-room modular office buildings,Rendered main/article content location,contextual,contextual,prefab-buildings,TEMPORARY_200_NOINDEX_FOLLOW,/product/prefab-buildings,PENDING_OWNER_REVIEW,OWNER_DECISION_REQUIRED,MEDIUM_CONTEXTUAL_JUDGMENT
STG01C-LINK-129,https://www.samanportable.com/low-cost-modular-office-solutions,Modular Office Cost Guide | Factory-Built India Pricing,OTHER_SITEMAP_INDEXABLE,https://www.samanportable.com/product/prefab-buildings/prefab-office-buildings,Prefab Commercial Office Buildings | SAMAN,factory-built prefab office complexes,Rendered main/article content location,contextual,contextual,prefab-buildings,TEMPORARY_200_NOINDEX_FOLLOW,/product/prefab-buildings,PENDING_OWNER_REVIEW,OWNER_DECISION_REQUIRED,MEDIUM_CONTEXTUAL_JUDGMENT
STG01C-LINK-130,https://www.samanportable.com/peb-structure-cost-per-kg-india,PEB Structure Cost Per Kg in India - Saman Portable,OTHER_SITEMAP_INDEXABLE,https://www.samanportable.com/product/peb-constructions/peb-steel-structure,"PEB Steel Structure │ IS-Certified, Custom Span │ SAMAN",pre-engineered steel building,Rendered main/article content location,contextual,contextual,peb-constructions,TEMPORARY_200_NOINDEX_FOLLOW,/product/pre-engineered-buildings,PENDING_OWNER_REVIEW,OWNER_DECISION_REQUIRED,MEDIUM_CONTEXTUAL_JUDGMENT
STG01C-LINK-131,https://www.samanportable.com/peb-structure-cost-per-kg-india,PEB Structure Cost Per Kg in India - Saman Portable,OTHER_SITEMAP_INDEXABLE,https://www.samanportable.com/product/peb-constructions,"PEB Construction │ Turnkey Design, Supply & Erect │ SAMAN",PEB construction,Rendered main/article content location,contextual,contextual,peb-constructions,TEMPORARY_200_NOINDEX_FOLLOW,/product/pre-engineered-buildings,PENDING_OWNER_REVIEW,OWNER_DECISION_REQUIRED,MEDIUM_CONTEXTUAL_JUDGMENT
STG01C-LINK-132,https://www.samanportable.com/peb-structure-cost-per-kg-india,PEB Structure Cost Per Kg in India - Saman Portable,OTHER_SITEMAP_INDEXABLE,https://www.samanportable.com/product/peb-constructions,"PEB Construction │ Turnkey Design, Supply & Erect │ SAMAN",PEB structure,Rendered main/article content location,contextual,contextual,peb-constructions,TEMPORARY_200_NOINDEX_FOLLOW,/product/pre-engineered-buildings,PENDING_OWNER_REVIEW,OWNER_DECISION_REQUIRED,MEDIUM_CONTEXTUAL_JUDGMENT
STG01C-LINK-133,https://www.samanportable.com/peb-structure-cost-per-sq-ft-india,PEB Structure Cost Per Sq Ft in India - Saman Portable,OTHER_SITEMAP_INDEXABLE,https://www.samanportable.com/product/peb-constructions/peb-steel-structure,"PEB Steel Structure │ IS-Certified, Custom Span │ SAMAN",pre-engineered steel building,Rendered main/article content location,contextual,contextual,peb-constructions,TEMPORARY_200_NOINDEX_FOLLOW,/product/pre-engineered-buildings,PENDING_OWNER_REVIEW,OWNER_DECISION_REQUIRED,MEDIUM_CONTEXTUAL_JUDGMENT
STG01C-LINK-134,https://www.samanportable.com/peb-structure-cost-per-sq-ft-india,PEB Structure Cost Per Sq Ft in India - Saman Portable,OTHER_SITEMAP_INDEXABLE,https://www.samanportable.com/product/peb-constructions,"PEB Construction │ Turnkey Design, Supply & Erect │ SAMAN",PEB structure,Rendered main/article content location,contextual,contextual,peb-constructions,TEMPORARY_200_NOINDEX_FOLLOW,/product/pre-engineered-buildings,PENDING_OWNER_REVIEW,OWNER_DECISION_REQUIRED,MEDIUM_CONTEXTUAL_JUDGMENT
STG01C-LINK-135,https://www.samanportable.com/peb-structure-cost-per-sq-ft-india,PEB Structure Cost Per Sq Ft in India - Saman Portable,OTHER_SITEMAP_INDEXABLE,https://www.samanportable.com/product/peb-constructions,"PEB Construction │ Turnkey Design, Supply & Erect │ SAMAN",PEB construction,Rendered main/article content location,contextual,contextual,peb-constructions,TEMPORARY_200_NOINDEX_FOLLOW,/product/pre-engineered-buildings,PENDING_OWNER_REVIEW,OWNER_DECISION_REQUIRED,MEDIUM_CONTEXTUAL_JUDGMENT
STG01C-LINK-136,https://www.samanportable.com/portable-sheds-complete-guide-2024,Portable Sheds: Top 10 Benefits & Buying Guide for 2024,OTHER_SITEMAP_INDEXABLE,https://www.samanportable.com/product/industrial-sheds/portable-sheds,"Portable Sheds │ Modular, Move Between Sites │ SAMAN",portable shed,Rendered main/article content location,contextual,contextual,industrial-sheds,TEMPORARY_200_NOINDEX_FOLLOW,/product/industrial-sheds,PENDING_OWNER_REVIEW,OWNER_DECISION_REQUIRED,MEDIUM_CONTEXTUAL_JUDGMENT
STG01C-LINK-137,https://www.samanportable.com/temporary-garden-shed,Temporary Garden Shed | Affordable Outdoor Storage 2025,OTHER_SITEMAP_INDEXABLE,https://www.samanportable.com/product/industrial-sheds/portable-sheds,"Portable Sheds │ Modular, Move Between Sites │ SAMAN",custom portable sheds,Rendered main/article content location,contextual,contextual,industrial-sheds,TEMPORARY_200_NOINDEX_FOLLOW,/product/industrial-sheds,PENDING_OWNER_REVIEW,OWNER_DECISION_REQUIRED,MEDIUM_CONTEXTUAL_JUDGMENT
STG01C-LINK-138,https://www.samanportable.com/temporary-garden-shed,Temporary Garden Shed | Affordable Outdoor Storage 2025,OTHER_SITEMAP_INDEXABLE,https://www.samanportable.com/product/industrial-sheds/prefabricated-industrial-shed,Prefabricated Industrial Shed │ Pre-Built Steel │ SAMAN,prefabricated storage sheds,Rendered main/article content location,contextual,contextual,industrial-sheds,TEMPORARY_200_NOINDEX_FOLLOW,/product/industrial-sheds,PENDING_OWNER_REVIEW,OWNER_DECISION_REQUIRED,MEDIUM_CONTEXTUAL_JUDGMENT
