url,live_http_status_2026_08_25,current_title,current_h1,current_canonical,current_meta_robots,current_x_robots_tag,product_sitemap_status,image_sitemap_status,audit_2026_08_24_sitemap_status,gsc_clicks_retained_16m,gsc_impressions_retained_16m,gsc_position_retained_16m,gsc_evidence_generated_at,ahrefs_backlinks,ahrefs_referring_domains,incoming_internal_source_pages_retained,incoming_internal_anchor_text,incoming_internal_source_sample,content_uniqueness,business_value,closest_approved_page,duplication_analysis,recommended_decision,rationale,temporary_containment,disposition_status,live_check_error
https://www.samanportable.com/product/container-houses/affordable-container-homes,200,Affordable Container Homes │ Pre-Built │ SAMAN,Affordable Container Homes,https://www.samanportable.com/product/container-houses/affordable-container-homes,"index, follow",,INCLUDED_CURRENT,INCLUDED_CURRENT,INCLUDED,105,2235,6.49,2026-08-11T12:45:15Z,NOT_AVAILABLE,NOT_AVAILABLE,7,NOT_AVAILABLE_IN_RETAINED_EVIDENCE,https://www.samanportable.com/product-category/container-houses | https://www.samanportable.com/product/container-houses/prefab-container-homes | https://www.samanportable.com/product/container-houses/shipping-container-homes,NO_EXACT_DUPLICATE_GROUP_IN_RETAINED_AUDIT,OBSERVED_ORGANIC_TRAFFIC,/product/container-houses,OVERLAPS_FAMILY_OR_NEARBY_OWNER /product/container-houses; intent-level review required,OWNER_DECISION_REQUIRED,"Temporary containment only. OBSERVED_ORGANIC_TRAFFIC; 7 retained crawl source pages linked here; closest approved owner: /product/container-houses. Review conversions, backlinks, content and exact intent before KEEP, 301 or 410.",NOINDEX_FOLLOW_AND_DISCOVERY_SITEMAP_EXCLUSION_ON_SEPARATE_BRANCH,PENDING_OWNER_REVIEW,
https://www.samanportable.com/product/container-houses/prefabricated-container-house,200,Prefabricated Container House │ Factory-Fitted │ SAMAN,Prefabricated Container House,https://www.samanportable.com/product/container-houses/prefabricated-container-house,"index, follow",,INCLUDED_CURRENT,INCLUDED_CURRENT,INCLUDED,66,5310,11.07,2026-08-11T12:45:15Z,NOT_AVAILABLE,NOT_AVAILABLE,6,NOT_AVAILABLE_IN_RETAINED_EVIDENCE,https://www.samanportable.com/product-category/container-houses | https://www.samanportable.com/product/container-houses/prefab-container-homes | https://www.samanportable.com/product/container-houses/shipping-container-homes,NO_EXACT_DUPLICATE_GROUP_IN_RETAINED_AUDIT,OBSERVED_ORGANIC_TRAFFIC,/product/container-houses,OVERLAPS_FAMILY_OR_NEARBY_OWNER /product/container-houses; intent-level review required,OWNER_DECISION_REQUIRED,"Temporary containment only. OBSERVED_ORGANIC_TRAFFIC; 6 retained crawl source pages linked here; closest approved owner: /product/container-houses. Review conversions, backlinks, content and exact intent before KEEP, 301 or 410.",NOINDEX_FOLLOW_AND_DISCOVERY_SITEMAP_EXCLUSION_ON_SEPARATE_BRANCH,PENDING_OWNER_REVIEW,
https://www.samanportable.com/product/industrial-sheds/garden-sheds,200,"Garden Sheds │ Steel & Wood, Pre-Built 15×10 ft │ SAMAN",Steel Garden & Outdoor Storage Sheds,https://www.samanportable.com/product/industrial-sheds/garden-sheds,"index, follow",,INCLUDED_CURRENT,INCLUDED_CURRENT,INCLUDED,74,22622,11.97,2026-08-11T12:45:15Z,NOT_AVAILABLE,NOT_AVAILABLE,9,NOT_AVAILABLE_IN_RETAINED_EVIDENCE,https://www.samanportable.com/product-category/industrial-sheds | https://www.samanportable.com/product/industrial-sheds/prefabricated-warehouses | https://www.samanportable.com/product/industrial-sheds/prefabricated-industrial-shed,NO_EXACT_DUPLICATE_GROUP_IN_RETAINED_AUDIT,OBSERVED_ORGANIC_TRAFFIC,/product/industrial-sheds,OVERLAPS_FAMILY_OR_NEARBY_OWNER /product/industrial-sheds; intent-level review required,OWNER_DECISION_REQUIRED,"Temporary containment only. OBSERVED_ORGANIC_TRAFFIC; 9 retained crawl source pages linked here; closest approved owner: /product/industrial-sheds. Review conversions, backlinks, content and exact intent before KEEP, 301 or 410.",NOINDEX_FOLLOW_AND_DISCOVERY_SITEMAP_EXCLUSION_ON_SEPARATE_BRANCH,PENDING_OWNER_REVIEW,
https://www.samanportable.com/product/industrial-sheds/portable-sheds,200,"Portable Sheds │ Modular, Move Between Sites │ SAMAN",Portable Sheds,https://www.samanportable.com/product/industrial-sheds/portable-sheds,"index, follow",,INCLUDED_CURRENT,INCLUDED_CURRENT,INCLUDED,12,3909,13.23,2026-08-11T12:45:15Z,NOT_AVAILABLE,NOT_AVAILABLE,11,NOT_AVAILABLE_IN_RETAINED_EVIDENCE,https://www.samanportable.com/portable-sheds-complete-guide-2024 | https://www.samanportable.com/product-category/industrial-sheds | https://www.samanportable.com/product/industrial-sheds/prefabricated-warehouses,NO_EXACT_DUPLICATE_GROUP_IN_RETAINED_AUDIT,OBSERVED_ORGANIC_TRAFFIC,/product/industrial-sheds,OVERLAPS_FAMILY_OR_NEARBY_OWNER /product/industrial-sheds; intent-level review required,OWNER_DECISION_REQUIRED,"Temporary containment only. OBSERVED_ORGANIC_TRAFFIC; 11 retained crawl source pages linked here; closest approved owner: /product/industrial-sheds. Review conversions, backlinks, content and exact intent before KEEP, 301 or 410.",NOINDEX_FOLLOW_AND_DISCOVERY_SITEMAP_EXCLUSION_ON_SEPARATE_BRANCH,PENDING_OWNER_REVIEW,
https://www.samanportable.com/product/industrial-sheds/prefabricated-industrial-shed,200,Prefabricated Industrial Shed │ Pre-Built Steel │ SAMAN,Prefabricated Industrial Shed,https://www.samanportable.com/product/industrial-sheds/prefabricated-industrial-shed,"index, follow",,INCLUDED_CURRENT,INCLUDED_CURRENT,INCLUDED,46,5025,9.03,2026-08-11T12:45:15Z,NOT_AVAILABLE,NOT_AVAILABLE,13,NOT_AVAILABLE_IN_RETAINED_EVIDENCE,https://www.samanportable.com/industrial-sheds-in-bangalore | https://www.samanportable.com/in-the-long-run-are-prefabricated-industrial-buildings-more-cost-effective | https://www.samanportable.com/product-category/industrial-sheds,NO_EXACT_DUPLICATE_GROUP_IN_RETAINED_AUDIT,OBSERVED_ORGANIC_TRAFFIC,/product/industrial-sheds,OVERLAPS_FAMILY_OR_NEARBY_OWNER /product/industrial-sheds; intent-level review required,OWNER_DECISION_REQUIRED,"Temporary containment only. OBSERVED_ORGANIC_TRAFFIC; 13 retained crawl source pages linked here; closest approved owner: /product/industrial-sheds. Review conversions, backlinks, content and exact intent before KEEP, 301 or 410.",NOINDEX_FOLLOW_AND_DISCOVERY_SITEMAP_EXCLUSION_ON_SEPARATE_BRANCH,PENDING_OWNER_REVIEW,
https://www.samanportable.com/product/industrial-sheds/prefab-steel-house,200,Prefab Steel House — Custom 600 sq ft Steel Frame | SAMAN,Prefab Steel House,https://www.samanportable.com/product/industrial-sheds/prefab-steel-house,"index, follow",,INCLUDED_CURRENT,INCLUDED_CURRENT,INCLUDED,12,2602,12.41,2026-08-11T12:45:15Z,NOT_AVAILABLE,NOT_AVAILABLE,9,NOT_AVAILABLE_IN_RETAINED_EVIDENCE,https://www.samanportable.com/product-category/industrial-sheds | https://www.samanportable.com/product/industrial-sheds/prefabricated-warehouses | https://www.samanportable.com/product/industrial-sheds/prefabricated-industrial-shed,NO_EXACT_DUPLICATE_GROUP_IN_RETAINED_AUDIT,OBSERVED_ORGANIC_TRAFFIC,/product/industrial-sheds,OVERLAPS_FAMILY_OR_NEARBY_OWNER /product/industrial-sheds; intent-level review required,OWNER_DECISION_REQUIRED,"Temporary containment only. OBSERVED_ORGANIC_TRAFFIC; 9 retained crawl source pages linked here; closest approved owner: /product/industrial-sheds. Review conversions, backlinks, content and exact intent before KEEP, 301 or 410.",NOINDEX_FOLLOW_AND_DISCOVERY_SITEMAP_EXCLUSION_ON_SEPARATE_BRANCH,PENDING_OWNER_REVIEW,
https://www.samanportable.com/product/industrial-sheds/steel-sheds,200,Steel Sheds │ Heavy-Duty 25-Year Structural Life │ SAMAN,Steel Sheds,https://www.samanportable.com/product/industrial-sheds/steel-sheds,"index, follow",,INCLUDED_CURRENT,INCLUDED_CURRENT,INCLUDED,12,7471,23.39,2026-08-11T12:45:15Z,NOT_AVAILABLE,NOT_AVAILABLE,9,NOT_AVAILABLE_IN_RETAINED_EVIDENCE,https://www.samanportable.com/product-category/industrial-sheds | https://www.samanportable.com/product/industrial-sheds/prefabricated-warehouses | https://www.samanportable.com/product/industrial-sheds/prefabricated-industrial-shed,NO_EXACT_DUPLICATE_GROUP_IN_RETAINED_AUDIT,OBSERVED_ORGANIC_TRAFFIC,/product/industrial-sheds,OVERLAPS_FAMILY_OR_NEARBY_OWNER /product/industrial-sheds; intent-level review required,OWNER_DECISION_REQUIRED,"Temporary containment only. OBSERVED_ORGANIC_TRAFFIC; 9 retained crawl source pages linked here; closest approved owner: /product/industrial-sheds. Review conversions, backlinks, content and exact intent before KEEP, 301 or 410.",NOINDEX_FOLLOW_AND_DISCOVERY_SITEMAP_EXCLUSION_ON_SEPARATE_BRANCH,PENDING_OWNER_REVIEW,
https://www.samanportable.com/product/industrial-sheds/storage-sheds,200,"Heavy-Duty Storage Sheds | Secure, Weatherproof | SAMAN",Storage Sheds,https://www.samanportable.com/product/industrial-sheds/storage-sheds,"index, follow",,INCLUDED_CURRENT,INCLUDED_CURRENT,INCLUDED,9,1503,23.79,2026-08-11T12:45:15Z,NOT_AVAILABLE,NOT_AVAILABLE,9,NOT_AVAILABLE_IN_RETAINED_EVIDENCE,https://www.samanportable.com/product-category/industrial-sheds | https://www.samanportable.com/product/industrial-sheds/prefabricated-warehouses | https://www.samanportable.com/product/industrial-sheds/prefabricated-industrial-shed,NO_EXACT_DUPLICATE_GROUP_IN_RETAINED_AUDIT,OBSERVED_ORGANIC_TRAFFIC,/product/industrial-sheds,OVERLAPS_FAMILY_OR_NEARBY_OWNER /product/industrial-sheds; intent-level review required,OWNER_DECISION_REQUIRED,"Temporary containment only. OBSERVED_ORGANIC_TRAFFIC; 9 retained crawl source pages linked here; closest approved owner: /product/industrial-sheds. Review conversions, backlinks, content and exact intent before KEEP, 301 or 410.",NOINDEX_FOLLOW_AND_DISCOVERY_SITEMAP_EXCLUSION_ON_SEPARATE_BRANCH,PENDING_OWNER_REVIEW,
https://www.samanportable.com/product/peb-constructions,200,"PEB Construction │ Turnkey Design, Supply & Erect │ SAMAN",PEB Construction,https://www.samanportable.com/product/peb-constructions,"index, follow",,INCLUDED_CURRENT,INCLUDED_CURRENT,INCLUDED,5,1164,17.14,2026-08-11T12:45:15Z,NOT_AVAILABLE,NOT_AVAILABLE,431,NOT_AVAILABLE_IN_RETAINED_EVIDENCE,https://www.samanportable.com/7-tips-for-choosing-the-perfect-portable-cabin-location | https://www.samanportable.com/2nd-hand-porta-cabins | https://www.samanportable.com/18-benefits-of-luxury-portable-cabin,NO_EXACT_DUPLICATE_GROUP_IN_RETAINED_AUDIT,OBSERVED_ORGANIC_TRAFFIC,/product/pre-engineered-buildings,OVERLAPS_FAMILY_OR_NEARBY_OWNER /product/pre-engineered-buildings; intent-level review required,OWNER_DECISION_REQUIRED,"Temporary containment only. OBSERVED_ORGANIC_TRAFFIC; 431 retained crawl source pages linked here; closest approved owner: /product/pre-engineered-buildings. Review conversions, backlinks, content and exact intent before KEEP, 301 or 410.",NOINDEX_FOLLOW_AND_DISCOVERY_SITEMAP_EXCLUSION_ON_SEPARATE_BRANCH,PENDING_OWNER_REVIEW,
https://www.samanportable.com/product/peb-constructions/construction-prefabricated-buildings,200,Construction of Prefabricated Buildings │ Custom │ SAMAN,Construction Prefabricated Buildings,https://www.samanportable.com/product/peb-constructions/construction-prefabricated-buildings,"index, follow",,INCLUDED_CURRENT,INCLUDED_CURRENT,INCLUDED,7,1650,37.53,2026-08-11T12:45:15Z,NOT_AVAILABLE,NOT_AVAILABLE,12,NOT_AVAILABLE_IN_RETAINED_EVIDENCE,https://www.samanportable.com/product-category/peb-constructions | https://www.samanportable.com/product/peb-constructions | https://www.samanportable.com/product/peb-constructions/peb-steel-structure,NO_EXACT_DUPLICATE_GROUP_IN_RETAINED_AUDIT,OBSERVED_ORGANIC_TRAFFIC,/product/pre-engineered-buildings,OVERLAPS_FAMILY_OR_NEARBY_OWNER /product/pre-engineered-buildings; intent-level review required,OWNER_DECISION_REQUIRED,"Temporary containment only. OBSERVED_ORGANIC_TRAFFIC; 12 retained crawl source pages linked here; closest approved owner: /product/pre-engineered-buildings. Review conversions, backlinks, content and exact intent before KEEP, 301 or 410.",NOINDEX_FOLLOW_AND_DISCOVERY_SITEMAP_EXCLUSION_ON_SEPARATE_BRANCH,PENDING_OWNER_REVIEW,
https://www.samanportable.com/product/peb-constructions/engineered-buildings,200,Engineered Building │ Custom-Built to Load Specs │ SAMAN,Engineered Buildings,https://www.samanportable.com/product/peb-constructions/engineered-buildings,"index, follow",,INCLUDED_CURRENT,INCLUDED_CURRENT,INCLUDED,,,,2026-08-11T12:45:15Z,NOT_AVAILABLE,NOT_AVAILABLE,12,NOT_AVAILABLE_IN_RETAINED_EVIDENCE,https://www.samanportable.com/product-category/peb-constructions | https://www.samanportable.com/product/peb-constructions/construction-prefabricated-buildings | https://www.samanportable.com/product/peb-constructions,NO_EXACT_DUPLICATE_GROUP_IN_RETAINED_AUDIT,UNKNOWN_NO_RETAINED_GSC,/product/pre-engineered-buildings,OVERLAPS_FAMILY_OR_NEARBY_OWNER /product/pre-engineered-buildings; intent-level review required,OWNER_DECISION_REQUIRED,"Temporary containment only. UNKNOWN_NO_RETAINED_GSC; 12 retained crawl source pages linked here; closest approved owner: /product/pre-engineered-buildings. Review conversions, backlinks, content and exact intent before KEEP, 301 or 410.",NOINDEX_FOLLOW_AND_DISCOVERY_SITEMAP_EXCLUSION_ON_SEPARATE_BRANCH,PENDING_OWNER_REVIEW,
https://www.samanportable.com/product/peb-constructions/engineered-steel-structures,200,Top 5 Engineered Steel Structures for Reliable Builds,Engineered Steel Structures,https://www.samanportable.com/product/peb-constructions/engineered-steel-structures,"index, follow",,INCLUDED_CURRENT,INCLUDED_CURRENT,INCLUDED,,,,2026-08-11T12:45:15Z,NOT_AVAILABLE,NOT_AVAILABLE,12,NOT_AVAILABLE_IN_RETAINED_EVIDENCE,https://www.samanportable.com/product-category/peb-constructions | https://www.samanportable.com/product/peb-constructions/construction-prefabricated-buildings | https://www.samanportable.com/product/peb-constructions,NO_EXACT_DUPLICATE_GROUP_IN_RETAINED_AUDIT,UNKNOWN_NO_RETAINED_GSC,/product/pre-engineered-buildings,OVERLAPS_FAMILY_OR_NEARBY_OWNER /product/pre-engineered-buildings; intent-level review required,OWNER_DECISION_REQUIRED,"Temporary containment only. UNKNOWN_NO_RETAINED_GSC; 12 retained crawl source pages linked here; closest approved owner: /product/pre-engineered-buildings. Review conversions, backlinks, content and exact intent before KEEP, 301 or 410.",NOINDEX_FOLLOW_AND_DISCOVERY_SITEMAP_EXCLUSION_ON_SEPARATE_BRANCH,PENDING_OWNER_REVIEW,
https://www.samanportable.com/product/peb-constructions/peb-building-manufacturers,200,PEB Building Manufacturer | Custom-Built & Erected | SAMAN,Peb Building Manufacturers,https://www.samanportable.com/product/peb-constructions/peb-building-manufacturers,"index, follow",,INCLUDED_CURRENT,INCLUDED_CURRENT,INCLUDED,11,2411,52.35,2026-08-11T12:45:15Z,NOT_AVAILABLE,NOT_AVAILABLE,12,NOT_AVAILABLE_IN_RETAINED_EVIDENCE,https://www.samanportable.com/product-category/peb-constructions | https://www.samanportable.com/product/peb-constructions/construction-prefabricated-buildings | https://www.samanportable.com/product/peb-constructions,NO_EXACT_DUPLICATE_GROUP_IN_RETAINED_AUDIT,OBSERVED_ORGANIC_TRAFFIC,/product/pre-engineered-buildings,OVERLAPS_FAMILY_OR_NEARBY_OWNER /product/pre-engineered-buildings; intent-level review required,OWNER_DECISION_REQUIRED,"Temporary containment only. OBSERVED_ORGANIC_TRAFFIC; 12 retained crawl source pages linked here; closest approved owner: /product/pre-engineered-buildings. Review conversions, backlinks, content and exact intent before KEEP, 301 or 410.",NOINDEX_FOLLOW_AND_DISCOVERY_SITEMAP_EXCLUSION_ON_SEPARATE_BRANCH,PENDING_OWNER_REVIEW,
https://www.samanportable.com/product/peb-constructions/peb-steel-structure,200,"PEB Steel Structure │ IS-Certified, Custom Span │ SAMAN",Peb Steel Structure,https://www.samanportable.com/product/peb-constructions/peb-steel-structure,"index, follow",,INCLUDED_CURRENT,INCLUDED_CURRENT,INCLUDED,12,3518,18.11,2026-08-11T12:45:15Z,NOT_AVAILABLE,NOT_AVAILABLE,15,NOT_AVAILABLE_IN_RETAINED_EVIDENCE,https://www.samanportable.com/peb-structure-cost-per-kg-india | https://www.samanportable.com/peb-structure-cost-per-sq-ft-india | https://www.samanportable.com/pre-engineered-buildings-in-bangalore,NO_EXACT_DUPLICATE_GROUP_IN_RETAINED_AUDIT,OBSERVED_ORGANIC_TRAFFIC,/product/pre-engineered-buildings,OVERLAPS_FAMILY_OR_NEARBY_OWNER /product/pre-engineered-buildings; intent-level review required,OWNER_DECISION_REQUIRED,"Temporary containment only. OBSERVED_ORGANIC_TRAFFIC; 15 retained crawl source pages linked here; closest approved owner: /product/pre-engineered-buildings. Review conversions, backlinks, content and exact intent before KEEP, 301 or 410.",NOINDEX_FOLLOW_AND_DISCOVERY_SITEMAP_EXCLUSION_ON_SEPARATE_BRANCH,PENDING_OWNER_REVIEW,
https://www.samanportable.com/product/peb-constructions/pre-engineered-building-suppliers,200,Pre-Engineered Building Suppliers │ Custom-Built │ SAMAN,Pre-Engineered Building Suppliers,https://www.samanportable.com/product/peb-constructions/pre-engineered-building-suppliers,"index, follow",,INCLUDED_CURRENT,INCLUDED_CURRENT,INCLUDED,,,,2026-08-11T12:45:15Z,NOT_AVAILABLE,NOT_AVAILABLE,12,NOT_AVAILABLE_IN_RETAINED_EVIDENCE,https://www.samanportable.com/product-category/peb-constructions | https://www.samanportable.com/product/peb-constructions/construction-prefabricated-buildings | https://www.samanportable.com/product/peb-constructions,NO_EXACT_DUPLICATE_GROUP_IN_RETAINED_AUDIT,UNKNOWN_NO_RETAINED_GSC,/product/pre-engineered-buildings,OVERLAPS_FAMILY_OR_NEARBY_OWNER /product/pre-engineered-buildings; intent-level review required,OWNER_DECISION_REQUIRED,"Temporary containment only. UNKNOWN_NO_RETAINED_GSC; 12 retained crawl source pages linked here; closest approved owner: /product/pre-engineered-buildings. Review conversions, backlinks, content and exact intent before KEEP, 301 or 410.",NOINDEX_FOLLOW_AND_DISCOVERY_SITEMAP_EXCLUSION_ON_SEPARATE_BRANCH,PENDING_OWNER_REVIEW,
https://www.samanportable.com/product/peb-constructions/pre-engineered-structures,200,Pre-engineered Structures: 7 Powerful Construction Solutions,Pre-engineered Structures,https://www.samanportable.com/product/peb-constructions/pre-engineered-structures,"index, follow",,INCLUDED_CURRENT,INCLUDED_CURRENT,INCLUDED,,,,2026-08-11T12:45:15Z,NOT_AVAILABLE,NOT_AVAILABLE,12,NOT_AVAILABLE_IN_RETAINED_EVIDENCE,https://www.samanportable.com/product-category/peb-constructions | https://www.samanportable.com/product/peb-constructions/construction-prefabricated-buildings | https://www.samanportable.com/product/peb-constructions,NO_EXACT_DUPLICATE_GROUP_IN_RETAINED_AUDIT,UNKNOWN_NO_RETAINED_GSC,/product/pre-engineered-buildings,OVERLAPS_FAMILY_OR_NEARBY_OWNER /product/pre-engineered-buildings; intent-level review required,OWNER_DECISION_REQUIRED,"Temporary containment only. UNKNOWN_NO_RETAINED_GSC; 12 retained crawl source pages linked here; closest approved owner: /product/pre-engineered-buildings. Review conversions, backlinks, content and exact intent before KEEP, 301 or 410.",NOINDEX_FOLLOW_AND_DISCOVERY_SITEMAP_EXCLUSION_ON_SEPARATE_BRANCH,PENDING_OWNER_REVIEW,
https://www.samanportable.com/product/peb-constructions/pre-engineering-structures,200,Pre-Engineering Structures │ Custom-Span Build │ SAMAN,Pre-engineering Structures,https://www.samanportable.com/product/peb-constructions/pre-engineering-structures,"index, follow",,INCLUDED_CURRENT,INCLUDED_CURRENT,INCLUDED,,,,2026-08-11T12:45:15Z,NOT_AVAILABLE,NOT_AVAILABLE,12,NOT_AVAILABLE_IN_RETAINED_EVIDENCE,https://www.samanportable.com/product-category/peb-constructions | https://www.samanportable.com/product/peb-constructions/construction-prefabricated-buildings | https://www.samanportable.com/product/peb-constructions,NO_EXACT_DUPLICATE_GROUP_IN_RETAINED_AUDIT,UNKNOWN_NO_RETAINED_GSC,/product/pre-engineered-buildings,OVERLAPS_FAMILY_OR_NEARBY_OWNER /product/pre-engineered-buildings; intent-level review required,OWNER_DECISION_REQUIRED,"Temporary containment only. UNKNOWN_NO_RETAINED_GSC; 12 retained crawl source pages linked here; closest approved owner: /product/pre-engineered-buildings. Review conversions, backlinks, content and exact intent before KEEP, 301 or 410.",NOINDEX_FOLLOW_AND_DISCOVERY_SITEMAP_EXCLUSION_ON_SEPARATE_BRANCH,PENDING_OWNER_REVIEW,
https://www.samanportable.com/product/peb-constructions/prefab-building-construction,200,Prefab Building Construction │ Custom Build to Handover | SAMAN,Prefab Building Construction,https://www.samanportable.com/product/peb-constructions/prefab-building-construction,"index, follow",,INCLUDED_CURRENT,INCLUDED_CURRENT,INCLUDED,32,7904,41.21,2026-08-11T12:45:15Z,NOT_AVAILABLE,NOT_AVAILABLE,12,NOT_AVAILABLE_IN_RETAINED_EVIDENCE,https://www.samanportable.com/product-category/peb-constructions | https://www.samanportable.com/product/peb-constructions/construction-prefabricated-buildings | https://www.samanportable.com/product/peb-constructions,NO_EXACT_DUPLICATE_GROUP_IN_RETAINED_AUDIT,OBSERVED_ORGANIC_TRAFFIC,/product/pre-engineered-buildings,OVERLAPS_FAMILY_OR_NEARBY_OWNER /product/pre-engineered-buildings; intent-level review required,OWNER_DECISION_REQUIRED,"Temporary containment only. OBSERVED_ORGANIC_TRAFFIC; 12 retained crawl source pages linked here; closest approved owner: /product/pre-engineered-buildings. Review conversions, backlinks, content and exact intent before KEEP, 301 or 410.",NOINDEX_FOLLOW_AND_DISCOVERY_SITEMAP_EXCLUSION_ON_SEPARATE_BRANCH,PENDING_OWNER_REVIEW,
https://www.samanportable.com/product/peb-constructions/prefab-modular-construction,200,Prefab Modular Construction — Build in Sections | SAMAN,Prefab Modular Construction,https://www.samanportable.com/product/peb-constructions/prefab-modular-construction,"index, follow",,INCLUDED_CURRENT,INCLUDED_CURRENT,INCLUDED,5,1733,52.38,2026-08-11T12:45:15Z,NOT_AVAILABLE,NOT_AVAILABLE,12,NOT_AVAILABLE_IN_RETAINED_EVIDENCE,https://www.samanportable.com/product-category/peb-constructions | https://www.samanportable.com/product/peb-constructions/construction-prefabricated-buildings | https://www.samanportable.com/product/peb-constructions,NO_EXACT_DUPLICATE_GROUP_IN_RETAINED_AUDIT,OBSERVED_ORGANIC_TRAFFIC,/product/pre-engineered-buildings,OVERLAPS_FAMILY_OR_NEARBY_OWNER /product/pre-engineered-buildings; intent-level review required,OWNER_DECISION_REQUIRED,"Temporary containment only. OBSERVED_ORGANIC_TRAFFIC; 12 retained crawl source pages linked here; closest approved owner: /product/pre-engineered-buildings. Review conversions, backlinks, content and exact intent before KEEP, 301 or 410.",NOINDEX_FOLLOW_AND_DISCOVERY_SITEMAP_EXCLUSION_ON_SEPARATE_BRANCH,PENDING_OWNER_REVIEW,
https://www.samanportable.com/product/peb-constructions/prefabricated-construction,200,"Prefabricated Construction | Factory-Built, 40% Faster | SAMAN",Prefabricated Construction,https://www.samanportable.com/product/peb-constructions/prefabricated-construction,"index, follow",,INCLUDED_CURRENT,INCLUDED_CURRENT,INCLUDED,,,,2026-08-11T12:45:15Z,NOT_AVAILABLE,NOT_AVAILABLE,12,NOT_AVAILABLE_IN_RETAINED_EVIDENCE,https://www.samanportable.com/product-category/peb-constructions | https://www.samanportable.com/product/peb-constructions/construction-prefabricated-buildings | https://www.samanportable.com/product/peb-constructions,NO_EXACT_DUPLICATE_GROUP_IN_RETAINED_AUDIT,UNKNOWN_NO_RETAINED_GSC,/product/pre-engineered-buildings,OVERLAPS_FAMILY_OR_NEARBY_OWNER /product/pre-engineered-buildings; intent-level review required,OWNER_DECISION_REQUIRED,"Temporary containment only. UNKNOWN_NO_RETAINED_GSC; 12 retained crawl source pages linked here; closest approved owner: /product/pre-engineered-buildings. Review conversions, backlinks, content and exact intent before KEEP, 301 or 410.",NOINDEX_FOLLOW_AND_DISCOVERY_SITEMAP_EXCLUSION_ON_SEPARATE_BRANCH,PENDING_OWNER_REVIEW,
https://www.samanportable.com/product/portable-office/modern-office-cabin,200,"Office Cabin │ Premium Finish, 9 Sizes │ SAMAN",Modern Office Cabin,https://www.samanportable.com/product/portable-office/modern-office-cabin,"index, follow",,INCLUDED_CURRENT,INCLUDED_CURRENT,INCLUDED,85,32699,5.14,2026-08-11T12:45:15Z,NOT_AVAILABLE,NOT_AVAILABLE,5,NOT_AVAILABLE_IN_RETAINED_EVIDENCE,https://www.samanportable.com/product/portable-office | https://www.samanportable.com/product/portable-office/prefabricated-office-cabins | https://www.samanportable.com/product/portable-office/readymade-office-cabin,NO_EXACT_DUPLICATE_GROUP_IN_RETAINED_AUDIT,OBSERVED_ORGANIC_TRAFFIC,/product/portable-office,OVERLAPS_FAMILY_OR_NEARBY_OWNER /product/portable-office; intent-level review required,OWNER_DECISION_REQUIRED,"Temporary containment only. OBSERVED_ORGANIC_TRAFFIC; 5 retained crawl source pages linked here; closest approved owner: /product/portable-office. Review conversions, backlinks, content and exact intent before KEEP, 301 or 410.",NOINDEX_FOLLOW_AND_DISCOVERY_SITEMAP_EXCLUSION_ON_SEPARATE_BRANCH,PENDING_OWNER_REVIEW,
https://www.samanportable.com/product/portable-office/portable-office-container,200,Portable Office Container │ Built to Relocate │ SAMAN,Portable Office Container,https://www.samanportable.com/product/portable-office/portable-office-container,"index, follow",,INCLUDED_CURRENT,INCLUDED_CURRENT,INCLUDED,202,21208,10.62,2026-08-11T12:45:15Z,NOT_AVAILABLE,NOT_AVAILABLE,16,NOT_AVAILABLE_IN_RETAINED_EVIDENCE,https://www.samanportable.com/container-office-in-ahmedabad | https://www.samanportable.com/container-office-in-chennai | https://www.samanportable.com/container-office-in-dehradun,NO_EXACT_DUPLICATE_GROUP_IN_RETAINED_AUDIT,OBSERVED_ORGANIC_TRAFFIC,/product/portable-office,OVERLAPS_FAMILY_OR_NEARBY_OWNER /product/portable-office; intent-level review required,OWNER_DECISION_REQUIRED,"Temporary containment only. OBSERVED_ORGANIC_TRAFFIC; 16 retained crawl source pages linked here; closest approved owner: /product/portable-office. Review conversions, backlinks, content and exact intent before KEEP, 301 or 410.",NOINDEX_FOLLOW_AND_DISCOVERY_SITEMAP_EXCLUSION_ON_SEPARATE_BRANCH,PENDING_OWNER_REVIEW,
https://www.samanportable.com/product/portable-toilet/mobile-toilet,200,"Mobile Toilet │ Heavy-Duty, Crane-Movable │ SAMAN Portable",Mobile Toilet,https://www.samanportable.com/product/portable-toilet/mobile-toilet,"index, follow",,INCLUDED_CURRENT,INCLUDED_CURRENT,INCLUDED,6,1565,26.32,2026-08-11T12:45:15Z,NOT_AVAILABLE,NOT_AVAILABLE,7,NOT_AVAILABLE_IN_RETAINED_EVIDENCE,https://www.samanportable.com/product-category/portable-toilet | https://www.samanportable.com/product/portable-toilet | https://www.samanportable.com/product/portable-toilet/prefabricated-toilet,NO_EXACT_DUPLICATE_GROUP_IN_RETAINED_AUDIT,OBSERVED_ORGANIC_TRAFFIC,/product/portable-toilet,OVERLAPS_FAMILY_OR_NEARBY_OWNER /product/portable-toilet; intent-level review required,OWNER_DECISION_REQUIRED,"Temporary containment only. OBSERVED_ORGANIC_TRAFFIC; 7 retained crawl source pages linked here; closest approved owner: /product/portable-toilet. Review conversions, backlinks, content and exact intent before KEEP, 301 or 410.",NOINDEX_FOLLOW_AND_DISCOVERY_SITEMAP_EXCLUSION_ON_SEPARATE_BRANCH,PENDING_OWNER_REVIEW,
https://www.samanportable.com/product/portable-toilet/mobile-toilet-cabin,200,Mobile Toilet Cabin for Events & Remote Sites | SAMAN,Mobile Toilet Cabin for Events & Remote Sites,https://www.samanportable.com/product/portable-toilet/mobile-toilet-cabin,"index, follow",,INCLUDED_CURRENT,INCLUDED_CURRENT,INCLUDED,19,3854,22.39,2026-08-11T12:45:15Z,NOT_AVAILABLE,NOT_AVAILABLE,7,NOT_AVAILABLE_IN_RETAINED_EVIDENCE,https://www.samanportable.com/product-category/portable-toilet | https://www.samanportable.com/product/portable-toilet | https://www.samanportable.com/product/portable-toilet/prefabricated-toilet,NO_EXACT_DUPLICATE_GROUP_IN_RETAINED_AUDIT,OBSERVED_ORGANIC_TRAFFIC,/product/portable-toilet,OVERLAPS_FAMILY_OR_NEARBY_OWNER /product/portable-toilet; intent-level review required,OWNER_DECISION_REQUIRED,"Temporary containment only. OBSERVED_ORGANIC_TRAFFIC; 7 retained crawl source pages linked here; closest approved owner: /product/portable-toilet. Review conversions, backlinks, content and exact intent before KEEP, 301 or 410.",NOINDEX_FOLLOW_AND_DISCOVERY_SITEMAP_EXCLUSION_ON_SEPARATE_BRANCH,PENDING_OWNER_REVIEW,
https://www.samanportable.com/product/portable-toilet/movable-toilet-cabin,200,"Movable Toilet Cabin │ Pre-Built, Moves Site-to-Site | SAMAN",Movable Toilet Cabin,https://www.samanportable.com/product/portable-toilet/movable-toilet-cabin,"index, follow",,INCLUDED_CURRENT,INCLUDED_CURRENT,INCLUDED,115,15779,12.84,2026-08-11T12:45:15Z,NOT_AVAILABLE,NOT_AVAILABLE,7,NOT_AVAILABLE_IN_RETAINED_EVIDENCE,https://www.samanportable.com/product-category/portable-toilet | https://www.samanportable.com/product/portable-toilet | https://www.samanportable.com/product/portable-toilet/prefabricated-toilet,NO_EXACT_DUPLICATE_GROUP_IN_RETAINED_AUDIT,OBSERVED_ORGANIC_TRAFFIC,/product/portable-toilet,OVERLAPS_FAMILY_OR_NEARBY_OWNER /product/portable-toilet; intent-level review required,OWNER_DECISION_REQUIRED,"Temporary containment only. OBSERVED_ORGANIC_TRAFFIC; 7 retained crawl source pages linked here; closest approved owner: /product/portable-toilet. Review conversions, backlinks, content and exact intent before KEEP, 301 or 410.",NOINDEX_FOLLOW_AND_DISCOVERY_SITEMAP_EXCLUSION_ON_SEPARATE_BRANCH,PENDING_OWNER_REVIEW,
https://www.samanportable.com/product/portable-toilet/portable-toilet-cabin,200,MS Steel Portable Toilet Cabin | 8×8×7 ft | SAMAN,MS Steel Portable Toilet Cabin,https://www.samanportable.com/product/portable-toilet/portable-toilet-cabin,"index, follow",,INCLUDED_CURRENT,INCLUDED_CURRENT,INCLUDED,12,3464,22.04,2026-08-11T12:45:15Z,NOT_AVAILABLE,NOT_AVAILABLE,431,NOT_AVAILABLE_IN_RETAINED_EVIDENCE,https://www.samanportable.com/7-tips-for-choosing-the-perfect-portable-cabin-location | https://www.samanportable.com/2nd-hand-porta-cabins | https://www.samanportable.com/18-benefits-of-luxury-portable-cabin,NO_EXACT_DUPLICATE_GROUP_IN_RETAINED_AUDIT,OBSERVED_ORGANIC_TRAFFIC,/product/portable-toilet,OVERLAPS_FAMILY_OR_NEARBY_OWNER /product/portable-toilet; intent-level review required,OWNER_DECISION_REQUIRED,"Temporary containment only. OBSERVED_ORGANIC_TRAFFIC; 431 retained crawl source pages linked here; closest approved owner: /product/portable-toilet. Review conversions, backlinks, content and exact intent before KEEP, 301 or 410.",NOINDEX_FOLLOW_AND_DISCOVERY_SITEMAP_EXCLUSION_ON_SEPARATE_BRANCH,PENDING_OWNER_REVIEW,
https://www.samanportable.com/product/portable-toilet/prefabricated-toilet,200,Prefab Toilet Unit for Construction Sites | SAMAN,Prefab Toilet Unit for Construction Sites,https://www.samanportable.com/product/portable-toilet/prefabricated-toilet,"index, follow",,INCLUDED_CURRENT,INCLUDED_CURRENT,INCLUDED,18,4075,37.59,2026-08-11T12:45:15Z,NOT_AVAILABLE,NOT_AVAILABLE,7,NOT_AVAILABLE_IN_RETAINED_EVIDENCE,https://www.samanportable.com/product-category/portable-toilet | https://www.samanportable.com/product/portable-toilet | https://www.samanportable.com/product/portable-toilet/movable-toilet-cabin,NO_EXACT_DUPLICATE_GROUP_IN_RETAINED_AUDIT,OBSERVED_ORGANIC_TRAFFIC,/product/portable-toilet,OVERLAPS_FAMILY_OR_NEARBY_OWNER /product/portable-toilet; intent-level review required,OWNER_DECISION_REQUIRED,"Temporary containment only. OBSERVED_ORGANIC_TRAFFIC; 7 retained crawl source pages linked here; closest approved owner: /product/portable-toilet. Review conversions, backlinks, content and exact intent before KEEP, 301 or 410.",NOINDEX_FOLLOW_AND_DISCOVERY_SITEMAP_EXCLUSION_ON_SEPARATE_BRANCH,PENDING_OWNER_REVIEW,
https://www.samanportable.com/product/portable-toilet/readymade-toilet-cabin,200,"Readymade Toilet Cabin │ Factory-Fitted, No Wait │ SAMAN",Readymade Toilet Cabin,https://www.samanportable.com/product/portable-toilet/readymade-toilet-cabin,"index, follow",,INCLUDED_CURRENT,INCLUDED_CURRENT,INCLUDED,165,21305,11.49,2026-08-11T12:45:15Z,NOT_AVAILABLE,NOT_AVAILABLE,8,NOT_AVAILABLE_IN_RETAINED_EVIDENCE,https://www.samanportable.com/portable-toilets-in-bangalore | https://www.samanportable.com/product-category/portable-toilet | https://www.samanportable.com/product/portable-toilet,NO_EXACT_DUPLICATE_GROUP_IN_RETAINED_AUDIT,OBSERVED_ORGANIC_TRAFFIC,/product/portable-toilet,OVERLAPS_FAMILY_OR_NEARBY_OWNER /product/portable-toilet; intent-level review required,OWNER_DECISION_REQUIRED,"Temporary containment only. OBSERVED_ORGANIC_TRAFFIC; 8 retained crawl source pages linked here; closest approved owner: /product/portable-toilet. Review conversions, backlinks, content and exact intent before KEEP, 301 or 410.",NOINDEX_FOLLOW_AND_DISCOVERY_SITEMAP_EXCLUSION_ON_SEPARATE_BRANCH,PENDING_OWNER_REVIEW,
https://www.samanportable.com/product/pre-engineered-buildings/engineered-metal-buildings,200,Engineered Metal Building │ Industrial-Grade │ SAMAN Portable,Engineered Metal Building,https://www.samanportable.com/product/pre-engineered-buildings/engineered-metal-buildings,"index, follow",,INCLUDED_CURRENT,INCLUDED_CURRENT,INCLUDED,11,9369,23.8,2026-08-11T12:45:15Z,NOT_AVAILABLE,NOT_AVAILABLE,9,NOT_AVAILABLE_IN_RETAINED_EVIDENCE,https://www.samanportable.com/product-category/pre-engineered-buildings | https://www.samanportable.com/product/peb-constructions/pre-engineered-structures | https://www.samanportable.com/product/pre-engineered-buildings/engineered-steel-buildings,NO_EXACT_DUPLICATE_GROUP_IN_RETAINED_AUDIT,OBSERVED_ORGANIC_TRAFFIC,/product/pre-engineered-buildings,OVERLAPS_FAMILY_OR_NEARBY_OWNER /product/pre-engineered-buildings; intent-level review required,OWNER_DECISION_REQUIRED,"Temporary containment only. OBSERVED_ORGANIC_TRAFFIC; 9 retained crawl source pages linked here; closest approved owner: /product/pre-engineered-buildings. Review conversions, backlinks, content and exact intent before KEEP, 301 or 410.",NOINDEX_FOLLOW_AND_DISCOVERY_SITEMAP_EXCLUSION_ON_SEPARATE_BRANCH,PENDING_OWNER_REVIEW,
https://www.samanportable.com/product/pre-engineered-buildings/engineered-steel-buildings,200,Engineered Steel Building │ IS-Certified Custom │ SAMAN,Engineered Steel Building,https://www.samanportable.com/product/pre-engineered-buildings/engineered-steel-buildings,"index, follow",,INCLUDED_CURRENT,INCLUDED_CURRENT,INCLUDED,,,,2026-08-11T12:45:15Z,NOT_AVAILABLE,NOT_AVAILABLE,8,NOT_AVAILABLE_IN_RETAINED_EVIDENCE,https://www.samanportable.com/product-category/pre-engineered-buildings | https://www.samanportable.com/product/pre-engineered-buildings/engineered-metal-buildings | https://www.samanportable.com/product/pre-engineered-buildings,NO_EXACT_DUPLICATE_GROUP_IN_RETAINED_AUDIT,UNKNOWN_NO_RETAINED_GSC,/product/pre-engineered-buildings,OVERLAPS_FAMILY_OR_NEARBY_OWNER /product/pre-engineered-buildings; intent-level review required,OWNER_DECISION_REQUIRED,"Temporary containment only. UNKNOWN_NO_RETAINED_GSC; 8 retained crawl source pages linked here; closest approved owner: /product/pre-engineered-buildings. Review conversions, backlinks, content and exact intent before KEEP, 301 or 410.",NOINDEX_FOLLOW_AND_DISCOVERY_SITEMAP_EXCLUSION_ON_SEPARATE_BRANCH,PENDING_OWNER_REVIEW,
https://www.samanportable.com/product/pre-engineered-buildings/pre-engineered-building-manufacturers,200,Pre-Engineered Building Manufacturer | Custom | SAMAN,Pre-Engineered Building Manufacturer,https://www.samanportable.com/product/pre-engineered-buildings/pre-engineered-building-manufacturers,"index, follow",,INCLUDED_CURRENT,INCLUDED_CURRENT,INCLUDED,9,520,22.84,2026-08-11T12:45:15Z,NOT_AVAILABLE,NOT_AVAILABLE,9,NOT_AVAILABLE_IN_RETAINED_EVIDENCE,https://www.samanportable.com/product-category/pre-engineered-buildings | https://www.samanportable.com/product/peb-constructions/peb-building-manufacturers | https://www.samanportable.com/product/pre-engineered-buildings/engineered-metal-buildings,NO_EXACT_DUPLICATE_GROUP_IN_RETAINED_AUDIT,OBSERVED_ORGANIC_TRAFFIC,/product/pre-engineered-buildings,OVERLAPS_FAMILY_OR_NEARBY_OWNER /product/pre-engineered-buildings; intent-level review required,OWNER_DECISION_REQUIRED,"Temporary containment only. OBSERVED_ORGANIC_TRAFFIC; 9 retained crawl source pages linked here; closest approved owner: /product/pre-engineered-buildings. Review conversions, backlinks, content and exact intent before KEEP, 301 or 410.",NOINDEX_FOLLOW_AND_DISCOVERY_SITEMAP_EXCLUSION_ON_SEPARATE_BRANCH,PENDING_OWNER_REVIEW,
https://www.samanportable.com/product/pre-engineered-buildings/pre-engineered-building-structures,200,Pre-Engineered Building Structure │ Custom Steel │ SAMAN,Pre-engineered Building Structure,https://www.samanportable.com/product/pre-engineered-buildings/pre-engineered-building-structures,"index, follow",,INCLUDED_CURRENT,INCLUDED_CURRENT,INCLUDED,8,6542,35.31,2026-08-11T12:45:15Z,NOT_AVAILABLE,NOT_AVAILABLE,9,NOT_AVAILABLE_IN_RETAINED_EVIDENCE,https://www.samanportable.com/pre-engineered-buildings-in-bangalore | https://www.samanportable.com/product-category/pre-engineered-buildings | https://www.samanportable.com/product/pre-engineered-buildings/engineered-metal-buildings,NO_EXACT_DUPLICATE_GROUP_IN_RETAINED_AUDIT,OBSERVED_ORGANIC_TRAFFIC,/product/pre-engineered-buildings,OVERLAPS_FAMILY_OR_NEARBY_OWNER /product/pre-engineered-buildings; intent-level review required,OWNER_DECISION_REQUIRED,"Temporary containment only. OBSERVED_ORGANIC_TRAFFIC; 9 retained crawl source pages linked here; closest approved owner: /product/pre-engineered-buildings. Review conversions, backlinks, content and exact intent before KEEP, 301 or 410.",NOINDEX_FOLLOW_AND_DISCOVERY_SITEMAP_EXCLUSION_ON_SEPARATE_BRANCH,PENDING_OWNER_REVIEW,
https://www.samanportable.com/product/pre-engineered-buildings/pre-engineered-metal-building-manufacturers,200,Custom Pre-Engineered Metal Building Manufacturers | SAMAN,Pre-engineered Metal Building Manufacturers,https://www.samanportable.com/product/pre-engineered-buildings/pre-engineered-metal-building-manufacturers,"index, follow",,INCLUDED_CURRENT,INCLUDED_CURRENT,INCLUDED,5,1668,27.16,2026-08-11T12:45:15Z,NOT_AVAILABLE,NOT_AVAILABLE,8,NOT_AVAILABLE_IN_RETAINED_EVIDENCE,https://www.samanportable.com/product-category/pre-engineered-buildings | https://www.samanportable.com/product/pre-engineered-buildings/engineered-metal-buildings | https://www.samanportable.com/product/pre-engineered-buildings/engineered-steel-buildings,NO_EXACT_DUPLICATE_GROUP_IN_RETAINED_AUDIT,OBSERVED_ORGANIC_TRAFFIC,/product/pre-engineered-buildings,OVERLAPS_FAMILY_OR_NEARBY_OWNER /product/pre-engineered-buildings; intent-level review required,OWNER_DECISION_REQUIRED,"Temporary containment only. OBSERVED_ORGANIC_TRAFFIC; 8 retained crawl source pages linked here; closest approved owner: /product/pre-engineered-buildings. Review conversions, backlinks, content and exact intent before KEEP, 301 or 410.",NOINDEX_FOLLOW_AND_DISCOVERY_SITEMAP_EXCLUSION_ON_SEPARATE_BRANCH,PENDING_OWNER_REVIEW,
https://www.samanportable.com/product/pre-engineered-buildings/pre-engineered-steel-building-manufacturers,200,Custom Pre-Engineered Steel Building Manufacturers | SAMAN,Pre-Engineered Steel Building manufacturers,https://www.samanportable.com/product/pre-engineered-buildings/pre-engineered-steel-building-manufacturers,"index, follow",,INCLUDED_CURRENT,INCLUDED_CURRENT,INCLUDED,16,13261,22.87,2026-08-11T12:45:15Z,NOT_AVAILABLE,NOT_AVAILABLE,8,NOT_AVAILABLE_IN_RETAINED_EVIDENCE,https://www.samanportable.com/product-category/pre-engineered-buildings | https://www.samanportable.com/product/pre-engineered-buildings/engineered-metal-buildings | https://www.samanportable.com/product/pre-engineered-buildings/engineered-steel-buildings,NO_EXACT_DUPLICATE_GROUP_IN_RETAINED_AUDIT,OBSERVED_ORGANIC_TRAFFIC,/product/pre-engineered-buildings,OVERLAPS_FAMILY_OR_NEARBY_OWNER /product/pre-engineered-buildings; intent-level review required,OWNER_DECISION_REQUIRED,"Temporary containment only. OBSERVED_ORGANIC_TRAFFIC; 8 retained crawl source pages linked here; closest approved owner: /product/pre-engineered-buildings. Review conversions, backlinks, content and exact intent before KEEP, 301 or 410.",NOINDEX_FOLLOW_AND_DISCOVERY_SITEMAP_EXCLUSION_ON_SEPARATE_BRANCH,PENDING_OWNER_REVIEW,
https://www.samanportable.com/product/pre-engineered-buildings/prefab-building-manufacturers,200,Prefab Building Manufacturer │ Factory-Built │ SAMAN Portable,Prefab Building Manufacturer,https://www.samanportable.com/product/pre-engineered-buildings/prefab-building-manufacturers,"index, follow",,INCLUDED_CURRENT,INCLUDED_CURRENT,INCLUDED,5,2465,33.96,2026-08-11T12:45:15Z,NOT_AVAILABLE,NOT_AVAILABLE,8,NOT_AVAILABLE_IN_RETAINED_EVIDENCE,https://www.samanportable.com/product-category/pre-engineered-buildings | https://www.samanportable.com/product/pre-engineered-buildings/engineered-metal-buildings | https://www.samanportable.com/product/pre-engineered-buildings/engineered-steel-buildings,NO_EXACT_DUPLICATE_GROUP_IN_RETAINED_AUDIT,OBSERVED_ORGANIC_TRAFFIC,/product/pre-engineered-buildings,OVERLAPS_FAMILY_OR_NEARBY_OWNER /product/pre-engineered-buildings; intent-level review required,OWNER_DECISION_REQUIRED,"Temporary containment only. OBSERVED_ORGANIC_TRAFFIC; 8 retained crawl source pages linked here; closest approved owner: /product/pre-engineered-buildings. Review conversions, backlinks, content and exact intent before KEEP, 301 or 410.",NOINDEX_FOLLOW_AND_DISCOVERY_SITEMAP_EXCLUSION_ON_SEPARATE_BRANCH,PENDING_OWNER_REVIEW,
https://www.samanportable.com/product/prefab-buildings/buy-container-buildings,200,Container Buildings — Modular │ Price & Specs │ SAMAN,Buy Container Buildings,https://www.samanportable.com/product/prefab-buildings/buy-container-buildings,"index, follow",,INCLUDED_CURRENT,INCLUDED_CURRENT,INCLUDED,7,442,15.01,2026-08-11T12:45:15Z,NOT_AVAILABLE,NOT_AVAILABLE,10,NOT_AVAILABLE_IN_RETAINED_EVIDENCE,https://www.samanportable.com/product-category/prefab-buildings | https://www.samanportable.com/product/prefab-buildings/buy-prefabricated-buildings | https://www.samanportable.com/product/prefab-buildings,NO_EXACT_DUPLICATE_GROUP_IN_RETAINED_AUDIT,OBSERVED_ORGANIC_TRAFFIC,/product/prefab-buildings,OVERLAPS_FAMILY_OR_NEARBY_OWNER /product/prefab-buildings; intent-level review required,OWNER_DECISION_REQUIRED,"Temporary containment only. OBSERVED_ORGANIC_TRAFFIC; 10 retained crawl source pages linked here; closest approved owner: /product/prefab-buildings. Review conversions, backlinks, content and exact intent before KEEP, 301 or 410.",NOINDEX_FOLLOW_AND_DISCOVERY_SITEMAP_EXCLUSION_ON_SEPARATE_BRANCH,PENDING_OWNER_REVIEW,
https://www.samanportable.com/product/prefab-buildings/buy-prefabricated-buildings,200,Buy Prefabricated Buildings │ Factory-Fitted │ SAMAN,Prefabricated Buildings,https://www.samanportable.com/product/prefab-buildings/buy-prefabricated-buildings,"index, follow",,INCLUDED_CURRENT,INCLUDED_CURRENT,INCLUDED,83,17150,26.41,2026-08-11T12:45:15Z,NOT_AVAILABLE,NOT_AVAILABLE,10,NOT_AVAILABLE_IN_RETAINED_EVIDENCE,https://www.samanportable.com/product-category/prefab-buildings | https://www.samanportable.com/product/prefab-buildings | https://www.samanportable.com/product/prefab-buildings/buy-container-buildings,NO_EXACT_DUPLICATE_GROUP_IN_RETAINED_AUDIT,OBSERVED_ORGANIC_TRAFFIC,/product/prefab-buildings,OVERLAPS_FAMILY_OR_NEARBY_OWNER /product/prefab-buildings; intent-level review required,OWNER_DECISION_REQUIRED,"Temporary containment only. OBSERVED_ORGANIC_TRAFFIC; 10 retained crawl source pages linked here; closest approved owner: /product/prefab-buildings. Review conversions, backlinks, content and exact intent before KEEP, 301 or 410.",NOINDEX_FOLLOW_AND_DISCOVERY_SITEMAP_EXCLUSION_ON_SEPARATE_BRANCH,PENDING_OWNER_REVIEW,
https://www.samanportable.com/product/prefab-buildings/modular-office-buildings,200,"Modular Office Buildings │ Multi-Room, Multi-Floor │ SAMAN",Modular Office Buildings,https://www.samanportable.com/product/prefab-buildings/modular-office-buildings,"index, follow",,INCLUDED_CURRENT,INCLUDED_CURRENT,INCLUDED,22,6947,40.66,2026-08-11T12:45:15Z,NOT_AVAILABLE,NOT_AVAILABLE,12,NOT_AVAILABLE_IN_RETAINED_EVIDENCE,https://www.samanportable.com/customized-prefab-structures-ncr | https://www.samanportable.com/low-cost-modular-office-solutions | https://www.samanportable.com/product-category/prefab-buildings,NO_EXACT_DUPLICATE_GROUP_IN_RETAINED_AUDIT,OBSERVED_ORGANIC_TRAFFIC,/product/prefab-buildings,OVERLAPS_FAMILY_OR_NEARBY_OWNER /product/prefab-buildings; intent-level review required,OWNER_DECISION_REQUIRED,"Temporary containment only. OBSERVED_ORGANIC_TRAFFIC; 12 retained crawl source pages linked here; closest approved owner: /product/prefab-buildings. Review conversions, backlinks, content and exact intent before KEEP, 301 or 410.",NOINDEX_FOLLOW_AND_DISCOVERY_SITEMAP_EXCLUSION_ON_SEPARATE_BRANCH,PENDING_OWNER_REVIEW,
https://www.samanportable.com/product/prefab-buildings/prefab-commercial-buildings,200,Prefab Commercial Buildings | Pre-Built | SAMAN Portable,Prefab Commercial Building,https://www.samanportable.com/product/prefab-buildings/prefab-commercial-buildings,"index, follow",,INCLUDED_CURRENT,INCLUDED_CURRENT,INCLUDED,10,2702,38.97,2026-08-11T12:45:15Z,NOT_AVAILABLE,NOT_AVAILABLE,10,NOT_AVAILABLE_IN_RETAINED_EVIDENCE,https://www.samanportable.com/product-category/prefab-buildings | https://www.samanportable.com/product/prefab-buildings/buy-prefabricated-buildings | https://www.samanportable.com/product/prefab-buildings,NO_EXACT_DUPLICATE_GROUP_IN_RETAINED_AUDIT,OBSERVED_ORGANIC_TRAFFIC,/product/prefab-buildings,OVERLAPS_FAMILY_OR_NEARBY_OWNER /product/prefab-buildings; intent-level review required,OWNER_DECISION_REQUIRED,"Temporary containment only. OBSERVED_ORGANIC_TRAFFIC; 10 retained crawl source pages linked here; closest approved owner: /product/prefab-buildings. Review conversions, backlinks, content and exact intent before KEEP, 301 or 410.",NOINDEX_FOLLOW_AND_DISCOVERY_SITEMAP_EXCLUSION_ON_SEPARATE_BRANCH,PENDING_OWNER_REVIEW,
https://www.samanportable.com/product/prefab-buildings/prefab-industrial-buildings,200,Prefab Industrial Building | Heavy-Duty | SAMAN Portable,Prefab Industrial Building,https://www.samanportable.com/product/prefab-buildings/prefab-industrial-buildings,"index, follow",,INCLUDED_CURRENT,INCLUDED_CURRENT,INCLUDED,12,8902,29.6,2026-08-11T12:45:15Z,NOT_AVAILABLE,NOT_AVAILABLE,10,NOT_AVAILABLE_IN_RETAINED_EVIDENCE,https://www.samanportable.com/product-category/prefab-buildings | https://www.samanportable.com/product/prefab-buildings/buy-prefabricated-buildings | https://www.samanportable.com/product/prefab-buildings,NO_EXACT_DUPLICATE_GROUP_IN_RETAINED_AUDIT,OBSERVED_ORGANIC_TRAFFIC,/product/prefab-buildings,OVERLAPS_FAMILY_OR_NEARBY_OWNER /product/prefab-buildings; intent-level review required,OWNER_DECISION_REQUIRED,"Temporary containment only. OBSERVED_ORGANIC_TRAFFIC; 10 retained crawl source pages linked here; closest approved owner: /product/prefab-buildings. Review conversions, backlinks, content and exact intent before KEEP, 301 or 410.",NOINDEX_FOLLOW_AND_DISCOVERY_SITEMAP_EXCLUSION_ON_SEPARATE_BRANCH,PENDING_OWNER_REVIEW,
https://www.samanportable.com/product/prefab-buildings/prefab-manufacturing-buildings,200,Prefab Manufacturing Building | Heavy-Duty | SAMAN Portable,Prefab Manufacturing Building,https://www.samanportable.com/product/prefab-buildings/prefab-manufacturing-buildings,"index, follow",,INCLUDED_CURRENT,INCLUDED_CURRENT,INCLUDED,,,,2026-08-11T12:45:15Z,NOT_AVAILABLE,NOT_AVAILABLE,10,NOT_AVAILABLE_IN_RETAINED_EVIDENCE,https://www.samanportable.com/product-category/prefab-buildings | https://www.samanportable.com/product/prefab-buildings/buy-prefabricated-buildings | https://www.samanportable.com/product/prefab-buildings,NO_EXACT_DUPLICATE_GROUP_IN_RETAINED_AUDIT,UNKNOWN_NO_RETAINED_GSC,/product/prefab-buildings,OVERLAPS_FAMILY_OR_NEARBY_OWNER /product/prefab-buildings; intent-level review required,OWNER_DECISION_REQUIRED,"Temporary containment only. UNKNOWN_NO_RETAINED_GSC; 10 retained crawl source pages linked here; closest approved owner: /product/prefab-buildings. Review conversions, backlinks, content and exact intent before KEEP, 301 or 410.",NOINDEX_FOLLOW_AND_DISCOVERY_SITEMAP_EXCLUSION_ON_SEPARATE_BRANCH,PENDING_OWNER_REVIEW,
https://www.samanportable.com/product/prefab-buildings/prefab-office-buildings,200,Prefab Commercial Office Buildings | SAMAN,Prefab Commercial Office Buildings,https://www.samanportable.com/product/prefab-buildings/prefab-office-buildings,"index, follow",,INCLUDED_CURRENT,INCLUDED_CURRENT,INCLUDED,23,3246,31.76,2026-08-11T12:45:15Z,NOT_AVAILABLE,NOT_AVAILABLE,11,NOT_AVAILABLE_IN_RETAINED_EVIDENCE,https://www.samanportable.com/low-cost-modular-office-solutions | https://www.samanportable.com/product-category/prefab-buildings | https://www.samanportable.com/product/prefab-buildings/buy-prefabricated-buildings,NO_EXACT_DUPLICATE_GROUP_IN_RETAINED_AUDIT,OBSERVED_ORGANIC_TRAFFIC,/product/prefab-buildings,OVERLAPS_FAMILY_OR_NEARBY_OWNER /product/prefab-buildings; intent-level review required,OWNER_DECISION_REQUIRED,"Temporary containment only. OBSERVED_ORGANIC_TRAFFIC; 11 retained crawl source pages linked here; closest approved owner: /product/prefab-buildings. Review conversions, backlinks, content and exact intent before KEEP, 301 or 410.",NOINDEX_FOLLOW_AND_DISCOVERY_SITEMAP_EXCLUSION_ON_SEPARATE_BRANCH,PENDING_OWNER_REVIEW,
https://www.samanportable.com/product/prefab-buildings/prefabricated-steel-buildings,200,Prefabricated Steel Buildings: 9 Powerful tips for Strength,Prefabricated Steel Building,https://www.samanportable.com/product/prefab-buildings/prefabricated-steel-buildings,"index, follow",,INCLUDED_CURRENT,INCLUDED_CURRENT,INCLUDED,21,7664,23.37,2026-08-11T12:45:15Z,NOT_AVAILABLE,NOT_AVAILABLE,10,NOT_AVAILABLE_IN_RETAINED_EVIDENCE,https://www.samanportable.com/product-category/prefab-buildings | https://www.samanportable.com/product/prefab-buildings/buy-prefabricated-buildings | https://www.samanportable.com/product/prefab-buildings,NO_EXACT_DUPLICATE_GROUP_IN_RETAINED_AUDIT,OBSERVED_ORGANIC_TRAFFIC,/product/prefab-buildings,OVERLAPS_FAMILY_OR_NEARBY_OWNER /product/prefab-buildings; intent-level review required,OWNER_DECISION_REQUIRED,"Temporary containment only. OBSERVED_ORGANIC_TRAFFIC; 10 retained crawl source pages linked here; closest approved owner: /product/prefab-buildings. Review conversions, backlinks, content and exact intent before KEEP, 301 or 410.",NOINDEX_FOLLOW_AND_DISCOVERY_SITEMAP_EXCLUSION_ON_SEPARATE_BRANCH,PENDING_OWNER_REVIEW,
https://www.samanportable.com/product/prefab-buildings/steel-prefab-buildings,200,"Steel Prefab Buildings │ Multi-Room, Pre-Built │ SAMAN",Steel Prefab Buildings,https://www.samanportable.com/product/prefab-buildings/steel-prefab-buildings,"index, follow",,INCLUDED_CURRENT,INCLUDED_CURRENT,INCLUDED,,,,2026-08-11T12:45:15Z,NOT_AVAILABLE,NOT_AVAILABLE,10,NOT_AVAILABLE_IN_RETAINED_EVIDENCE,https://www.samanportable.com/product-category/prefab-buildings | https://www.samanportable.com/product/prefab-buildings/buy-prefabricated-buildings | https://www.samanportable.com/product/prefab-buildings,NO_EXACT_DUPLICATE_GROUP_IN_RETAINED_AUDIT,UNKNOWN_NO_RETAINED_GSC,/product/prefab-buildings,OVERLAPS_FAMILY_OR_NEARBY_OWNER /product/prefab-buildings; intent-level review required,OWNER_DECISION_REQUIRED,"Temporary containment only. UNKNOWN_NO_RETAINED_GSC; 10 retained crawl source pages linked here; closest approved owner: /product/prefab-buildings. Review conversions, backlinks, content and exact intent before KEEP, 301 or 410.",NOINDEX_FOLLOW_AND_DISCOVERY_SITEMAP_EXCLUSION_ON_SEPARATE_BRANCH,PENDING_OWNER_REVIEW,
https://www.samanportable.com/product/prefabricated-houses/bunkhouse-cabin,200,Bunkhouse Cabin — Factory-Built Crew Sleeping Unit | SAMAN,Bunkhouse Cabin,https://www.samanportable.com/product/prefabricated-houses/bunkhouse-cabin,"index, follow",,INCLUDED_CURRENT,INCLUDED_CURRENT,INCLUDED,8,9945,11.68,2026-08-11T12:45:15Z,NOT_AVAILABLE,NOT_AVAILABLE,7,NOT_AVAILABLE_IN_RETAINED_EVIDENCE,https://www.samanportable.com/product-category/prefabricated-houses | https://www.samanportable.com/product/prefabricated-houses/prefab-site-office | https://www.samanportable.com/product/prefabricated-houses/portable-cabin-house,NO_EXACT_DUPLICATE_GROUP_IN_RETAINED_AUDIT,OBSERVED_ORGANIC_TRAFFIC,/product/prefabricated-houses/prefabricated-bunkhouse,OVERLAPS_FAMILY_OR_NEARBY_OWNER /product/prefabricated-houses/prefabricated-bunkhouse; intent-level review required,OWNER_DECISION_REQUIRED,"Temporary containment only. OBSERVED_ORGANIC_TRAFFIC; 7 retained crawl source pages linked here; closest approved owner: /product/prefabricated-houses/prefabricated-bunkhouse. Review conversions, backlinks, content and exact intent before KEEP, 301 or 410.",NOINDEX_FOLLOW_AND_DISCOVERY_SITEMAP_EXCLUSION_ON_SEPARATE_BRANCH,PENDING_OWNER_REVIEW,
https://www.samanportable.com/product/prefabricated-houses/prefab-site-office,200,Prefab Site Office for Construction Sites | SAMAN,Prefab Site Office for Construction Sites,https://www.samanportable.com/product/prefabricated-houses/prefab-site-office,"index, follow",,INCLUDED_CURRENT,INCLUDED_CURRENT,INCLUDED,17,15663,16.94,2026-08-11T12:45:15Z,NOT_AVAILABLE,NOT_AVAILABLE,7,NOT_AVAILABLE_IN_RETAINED_EVIDENCE,https://www.samanportable.com/product-category/prefabricated-houses | https://www.samanportable.com/product/prefabricated-houses/portable-cabin-house | https://www.samanportable.com/product/prefabricated-houses/prefabricated-bunkhouse,NO_EXACT_DUPLICATE_GROUP_IN_RETAINED_AUDIT,OBSERVED_ORGANIC_TRAFFIC,/product/prefabricated-houses,OVERLAPS_FAMILY_OR_NEARBY_OWNER /product/prefabricated-houses; intent-level review required,OWNER_DECISION_REQUIRED,"Temporary containment only. OBSERVED_ORGANIC_TRAFFIC; 7 retained crawl source pages linked here; closest approved owner: /product/prefabricated-houses. Review conversions, backlinks, content and exact intent before KEEP, 301 or 410.",NOINDEX_FOLLOW_AND_DISCOVERY_SITEMAP_EXCLUSION_ON_SEPARATE_BRANCH,PENDING_OWNER_REVIEW,
https://www.samanportable.com/product/prefabricated-houses/saman-prefab-office,200,SAMAN Prefab Office │ Factory-Fitted Signature Cabin,SAMAN Prefab Office,https://www.samanportable.com/product/prefabricated-houses/saman-prefab-office,"index, follow",,INCLUDED_CURRENT,INCLUDED_CURRENT,INCLUDED,155,29429,13.17,2026-08-11T12:45:15Z,NOT_AVAILABLE,NOT_AVAILABLE,8,NOT_AVAILABLE_IN_RETAINED_EVIDENCE,https://www.samanportable.com/product-category/prefabricated-houses | https://www.samanportable.com/product/prefab-buildings/prefab-office-buildings | https://www.samanportable.com/product/prefabricated-houses/prefab-site-office,NO_EXACT_DUPLICATE_GROUP_IN_RETAINED_AUDIT,OBSERVED_ORGANIC_TRAFFIC,/product/prefabricated-houses,OVERLAPS_FAMILY_OR_NEARBY_OWNER /product/prefabricated-houses; intent-level review required,OWNER_DECISION_REQUIRED,"Temporary containment only. OBSERVED_ORGANIC_TRAFFIC; 8 retained crawl source pages linked here; closest approved owner: /product/prefabricated-houses. Review conversions, backlinks, content and exact intent before KEEP, 301 or 410.",NOINDEX_FOLLOW_AND_DISCOVERY_SITEMAP_EXCLUSION_ON_SEPARATE_BRANCH,PENDING_OWNER_REVIEW,
https://www.samanportable.com/product/puf-panel/cold-storage-puf-panel,200,"Cold Storage PUF Panel, Cold Room & Freezer Panels | SAMAN",Cold Storage PUF Panel for Cold Rooms and Freezer Rooms,https://www.samanportable.com/product/puf-panel/cold-storage-puf-panel,"index, follow",,INCLUDED_CURRENT,INCLUDED_CURRENT,INCLUDED,,,,2026-08-11T12:45:15Z,NOT_AVAILABLE,NOT_AVAILABLE,4,NOT_AVAILABLE_IN_RETAINED_EVIDENCE,https://www.samanportable.com/product | https://www.samanportable.com/product-category/puf-panel | https://www.samanportable.com/product/puf-panel,NO_EXACT_DUPLICATE_GROUP_IN_RETAINED_AUDIT,UNKNOWN_NO_RETAINED_GSC,/product/puf-panel,OVERLAPS_FAMILY_OR_NEARBY_OWNER /product/puf-panel; intent-level review required,OWNER_DECISION_REQUIRED,"Temporary containment only. UNKNOWN_NO_RETAINED_GSC; 4 retained crawl source pages linked here; closest approved owner: /product/puf-panel. Review conversions, backlinks, content and exact intent before KEEP, 301 or 410.",NOINDEX_FOLLOW_AND_DISCOVERY_SITEMAP_EXCLUSION_ON_SEPARATE_BRANCH,PENDING_OWNER_REVIEW,
https://www.samanportable.com/product/puf-panel/puf-panel-house,200,"PUF Panel House, Price, Design & Residential Use | SAMAN","PUF Panel House, Price, Design and Residential Use in India",https://www.samanportable.com/product/puf-panel/puf-panel-house,"index, follow",,INCLUDED_CURRENT,INCLUDED_CURRENT,INCLUDED,,,,2026-08-11T12:45:15Z,NOT_AVAILABLE,NOT_AVAILABLE,6,NOT_AVAILABLE_IN_RETAINED_EVIDENCE,https://www.samanportable.com/product | https://www.samanportable.com/product-category/puf-panel | https://www.samanportable.com/product/puf-panel,NO_EXACT_DUPLICATE_GROUP_IN_RETAINED_AUDIT,UNKNOWN_NO_RETAINED_GSC,/product/puf-panel,OVERLAPS_FAMILY_OR_NEARBY_OWNER /product/puf-panel; intent-level review required,OWNER_DECISION_REQUIRED,"Temporary containment only. UNKNOWN_NO_RETAINED_GSC; 6 retained crawl source pages linked here; closest approved owner: /product/puf-panel. Review conversions, backlinks, content and exact intent before KEEP, 301 or 410.",NOINDEX_FOLLOW_AND_DISCOVERY_SITEMAP_EXCLUSION_ON_SEPARATE_BRANCH,PENDING_OWNER_REVIEW,
https://www.samanportable.com/product/puf-panel/puf-panel-price,200,"PUF Panel Price 2026, Rate Per Sq Ft by Thickness | SAMAN",PUF Panel Price 2026. Rate per Sq Ft and Sq Mt by Thickness,https://www.samanportable.com/product/puf-panel/puf-panel-price,"index, follow",,INCLUDED_CURRENT,INCLUDED_CURRENT,INCLUDED,,,,2026-08-11T12:45:15Z,NOT_AVAILABLE,NOT_AVAILABLE,7,NOT_AVAILABLE_IN_RETAINED_EVIDENCE,https://www.samanportable.com/product | https://www.samanportable.com/product-category/puf-panel | https://www.samanportable.com/product/puf-panel/cold-storage-puf-panel,NO_EXACT_DUPLICATE_GROUP_IN_RETAINED_AUDIT,UNKNOWN_NO_RETAINED_GSC,/product/puf-panel,OVERLAPS_FAMILY_OR_NEARBY_OWNER /product/puf-panel; intent-level review required,OWNER_DECISION_REQUIRED,"Temporary containment only. UNKNOWN_NO_RETAINED_GSC; 7 retained crawl source pages linked here; closest approved owner: /product/puf-panel. Review conversions, backlinks, content and exact intent before KEEP, 301 or 410.",NOINDEX_FOLLOW_AND_DISCOVERY_SITEMAP_EXCLUSION_ON_SEPARATE_BRANCH,PENDING_OWNER_REVIEW,
https://www.samanportable.com/product/puf-panel/puf-panel-roofing,200,"PUF Panel Roofing Sheet, Insulated Roof Panels | SAMAN","PUF Panel Roofing, Insulated Roof Sheets for Sheds and Site Buildings",https://www.samanportable.com/product/puf-panel/puf-panel-roofing,"index, follow",,INCLUDED_CURRENT,INCLUDED_CURRENT,INCLUDED,,,,2026-08-11T12:45:15Z,NOT_AVAILABLE,NOT_AVAILABLE,9,NOT_AVAILABLE_IN_RETAINED_EVIDENCE,https://www.samanportable.com/product-category/puf-panel | https://www.samanportable.com/product/peb-constructions | https://www.samanportable.com/product/prefab-buildings,NO_EXACT_DUPLICATE_GROUP_IN_RETAINED_AUDIT,UNKNOWN_NO_RETAINED_GSC,/product/puf-panel,OVERLAPS_FAMILY_OR_NEARBY_OWNER /product/puf-panel; intent-level review required,OWNER_DECISION_REQUIRED,"Temporary containment only. UNKNOWN_NO_RETAINED_GSC; 9 retained crawl source pages linked here; closest approved owner: /product/puf-panel. Review conversions, backlinks, content and exact intent before KEEP, 301 or 410.",NOINDEX_FOLLOW_AND_DISCOVERY_SITEMAP_EXCLUSION_ON_SEPARATE_BRANCH,PENDING_OWNER_REVIEW,
https://www.samanportable.com/product/puf-panel/puf-panel-specification,200,"PUF Panel Specification: Thickness, Size & Density | SAMAN","PUF Panel Specification: Thickness, Size, Facing and Weight",https://www.samanportable.com/product/puf-panel/puf-panel-specification,"index, follow",,INCLUDED_CURRENT,INCLUDED_CURRENT,INCLUDED,,,,2026-08-11T12:45:15Z,NOT_AVAILABLE,NOT_AVAILABLE,6,NOT_AVAILABLE_IN_RETAINED_EVIDENCE,https://www.samanportable.com/product | https://www.samanportable.com/product-category/puf-panel | https://www.samanportable.com/product/puf-panel/cold-storage-puf-panel,NO_EXACT_DUPLICATE_GROUP_IN_RETAINED_AUDIT,UNKNOWN_NO_RETAINED_GSC,/product/puf-panel,OVERLAPS_FAMILY_OR_NEARBY_OWNER /product/puf-panel; intent-level review required,OWNER_DECISION_REQUIRED,"Temporary containment only. UNKNOWN_NO_RETAINED_GSC; 6 retained crawl source pages linked here; closest approved owner: /product/puf-panel. Review conversions, backlinks, content and exact intent before KEEP, 301 or 410.",NOINDEX_FOLLOW_AND_DISCOVERY_SITEMAP_EXCLUSION_ON_SEPARATE_BRANCH,PENDING_OWNER_REVIEW,
https://www.samanportable.com/product/puf-panel/puf-sandwich-panel,200,"PUF Sandwich Panel & PUF Sheet, Manufacturer | SAMAN","PUF Sandwich Panel. PUF Sheets Manufactured for Wall, Roof and Cold Rooms",https://www.samanportable.com/product/puf-panel/puf-sandwich-panel,"index, follow",,INCLUDED_CURRENT,INCLUDED_CURRENT,INCLUDED,,,,2026-08-11T12:45:15Z,NOT_AVAILABLE,NOT_AVAILABLE,6,NOT_AVAILABLE_IN_RETAINED_EVIDENCE,https://www.samanportable.com/product-category/puf-panel | https://www.samanportable.com/product/puf-panel | https://www.samanportable.com/product/puf-panel/puf-panel-roofing,NO_EXACT_DUPLICATE_GROUP_IN_RETAINED_AUDIT,UNKNOWN_NO_RETAINED_GSC,/product/puf-panel,OVERLAPS_FAMILY_OR_NEARBY_OWNER /product/puf-panel; intent-level review required,OWNER_DECISION_REQUIRED,"Temporary containment only. UNKNOWN_NO_RETAINED_GSC; 6 retained crawl source pages linked here; closest approved owner: /product/puf-panel. Review conversions, backlinks, content and exact intent before KEEP, 301 or 410.",NOINDEX_FOLLOW_AND_DISCOVERY_SITEMAP_EXCLUSION_ON_SEPARATE_BRANCH,PENDING_OWNER_REVIEW,
https://www.samanportable.com/product/roofing-sheet/metal-roofing-sheet,200,"Metal Roofing Sheet: GI, Galvalume, PPGI & PPGL Sheets | SAMAN","Metal Roofing Sheet: GI, Galvalume and Colour-Coated Steel, Compared Honestly",https://www.samanportable.com/product/roofing-sheet/metal-roofing-sheet,,,INCLUDED_CURRENT,INCLUDED_CURRENT,INCLUDED,,,,2026-08-11T12:45:15Z,NOT_AVAILABLE,NOT_AVAILABLE,1,NOT_AVAILABLE_IN_RETAINED_EVIDENCE,https://www.samanportable.com/product/roofing-sheet,NO_EXACT_DUPLICATE_GROUP_IN_RETAINED_AUDIT,UNKNOWN_NO_RETAINED_GSC,/product/roofing-sheet,OVERLAPS_FAMILY_OR_NEARBY_OWNER /product/roofing-sheet; intent-level review required,OWNER_DECISION_REQUIRED,"Temporary containment only. UNKNOWN_NO_RETAINED_GSC; 1 retained crawl source pages linked here; closest approved owner: /product/roofing-sheet. Review conversions, backlinks, content and exact intent before KEEP, 301 or 410.",NOINDEX_FOLLOW_AND_DISCOVERY_SITEMAP_EXCLUSION_ON_SEPARATE_BRANCH,PENDING_OWNER_REVIEW,
https://www.samanportable.com/product/roofing-sheet/pvc-roofing-sheet,200,"PVC & uPVC Roofing Sheets - Corrugated, Rust-Proof | SAMAN","PVC & uPVC Roofing Sheets - The Roof That Cannot Rust, Chosen Honestly",https://www.samanportable.com/product/roofing-sheet/pvc-roofing-sheet,,,INCLUDED_CURRENT,INCLUDED_CURRENT,INCLUDED,,,,2026-08-11T12:45:15Z,NOT_AVAILABLE,NOT_AVAILABLE,1,NOT_AVAILABLE_IN_RETAINED_EVIDENCE,https://www.samanportable.com/product/roofing-sheet,NO_EXACT_DUPLICATE_GROUP_IN_RETAINED_AUDIT,UNKNOWN_NO_RETAINED_GSC,/product/roofing-sheet,OVERLAPS_FAMILY_OR_NEARBY_OWNER /product/roofing-sheet; intent-level review required,OWNER_DECISION_REQUIRED,"Temporary containment only. UNKNOWN_NO_RETAINED_GSC; 1 retained crawl source pages linked here; closest approved owner: /product/roofing-sheet. Review conversions, backlinks, content and exact intent before KEEP, 301 or 410.",NOINDEX_FOLLOW_AND_DISCOVERY_SITEMAP_EXCLUSION_ON_SEPARATE_BRANCH,PENDING_OWNER_REVIEW,
https://www.samanportable.com/product/sandwich-panel,200,"Sandwich Panel Manufacturer in India, Types, Cores & Sizes | SAMAN",Sandwich Panel Manufacturer in India: Compare the Five Cores and Choose Right,https://www.samanportable.com/product/sandwich-panel,"index,follow",,INCLUDED_CURRENT,INCLUDED_CURRENT,INCLUDED,,,,2026-08-11T12:45:15Z,NOT_AVAILABLE,NOT_AVAILABLE,431,NOT_AVAILABLE_IN_RETAINED_EVIDENCE,https://www.samanportable.com/7-tips-for-choosing-the-perfect-portable-cabin-location | https://www.samanportable.com/2nd-hand-porta-cabins | https://www.samanportable.com/18-benefits-of-luxury-portable-cabin,NO_EXACT_DUPLICATE_GROUP_IN_RETAINED_AUDIT,UNKNOWN_NO_RETAINED_GSC,OWNER_MAPPING_REQUIRED,AMBIGUOUS_OWNER; near-duplication requires owner review,OWNER_DECISION_REQUIRED,"Temporary containment only. UNKNOWN_NO_RETAINED_GSC; 431 retained crawl source pages linked here; closest approved owner: OWNER_MAPPING_REQUIRED. Review conversions, backlinks, content and exact intent before KEEP, 301 or 410.",NOINDEX_FOLLOW_AND_DISCOVERY_SITEMAP_EXCLUSION_ON_SEPARATE_BRANCH,PENDING_OWNER_REVIEW,
https://www.samanportable.com/product/security-cabins/portable-security-cabin,200,Portable Security Cabin │ Relocate Any Post │ SAMAN Portable,Portable Security Cabin,https://www.samanportable.com/product/security-cabins/portable-security-cabin,"index, follow",,INCLUDED_CURRENT,INCLUDED_CURRENT,INCLUDED,11,2374,31.89,2026-08-11T12:45:15Z,NOT_AVAILABLE,NOT_AVAILABLE,6,NOT_AVAILABLE_IN_RETAINED_EVIDENCE,https://www.samanportable.com/product-category/security-cabins | https://www.samanportable.com/product/security-cabins/prefabricated-security-cabin | https://www.samanportable.com/product/security-cabins,NO_EXACT_DUPLICATE_GROUP_IN_RETAINED_AUDIT,OBSERVED_ORGANIC_TRAFFIC,/product/security-cabins,OVERLAPS_FAMILY_OR_NEARBY_OWNER /product/security-cabins; intent-level review required,OWNER_DECISION_REQUIRED,"Temporary containment only. OBSERVED_ORGANIC_TRAFFIC; 6 retained crawl source pages linked here; closest approved owner: /product/security-cabins. Review conversions, backlinks, content and exact intent before KEEP, 301 or 410.",NOINDEX_FOLLOW_AND_DISCOVERY_SITEMAP_EXCLUSION_ON_SEPARATE_BRANCH,PENDING_OWNER_REVIEW,
https://www.samanportable.com/product/security-cabins/prefabricated-security-cabin,200,Prefabricated Security Cabin │ Custom-Built │ SAMAN Portable,Prefabricated Security Cabin,https://www.samanportable.com/product/security-cabins/prefabricated-security-cabin,"index, follow",,INCLUDED_CURRENT,INCLUDED_CURRENT,INCLUDED,33,5818,18.31,2026-08-11T12:45:15Z,NOT_AVAILABLE,NOT_AVAILABLE,431,NOT_AVAILABLE_IN_RETAINED_EVIDENCE,https://www.samanportable.com/7-tips-for-choosing-the-perfect-portable-cabin-location | https://www.samanportable.com/2nd-hand-porta-cabins | https://www.samanportable.com/18-benefits-of-luxury-portable-cabin,NO_EXACT_DUPLICATE_GROUP_IN_RETAINED_AUDIT,OBSERVED_ORGANIC_TRAFFIC,/product/security-cabins,OVERLAPS_FAMILY_OR_NEARBY_OWNER /product/security-cabins; intent-level review required,OWNER_DECISION_REQUIRED,"Temporary containment only. OBSERVED_ORGANIC_TRAFFIC; 431 retained crawl source pages linked here; closest approved owner: /product/security-cabins. Review conversions, backlinks, content and exact intent before KEEP, 301 or 410.",NOINDEX_FOLLOW_AND_DISCOVERY_SITEMAP_EXCLUSION_ON_SEPARATE_BRANCH,PENDING_OWNER_REVIEW,
https://www.samanportable.com/product/security-cabins/readymade-security-cabin,200,Readymade Security Cabin │ Pre-Built 8×6 Stock │ SAMAN,Readymade Security Cabin,https://www.samanportable.com/product/security-cabins/readymade-security-cabin,"index, follow",,INCLUDED_CURRENT,INCLUDED_CURRENT,INCLUDED,19,3119,9.09,2026-08-11T12:45:15Z,NOT_AVAILABLE,NOT_AVAILABLE,431,NOT_AVAILABLE_IN_RETAINED_EVIDENCE,https://www.samanportable.com/7-tips-for-choosing-the-perfect-portable-cabin-location | https://www.samanportable.com/2nd-hand-porta-cabins | https://www.samanportable.com/18-benefits-of-luxury-portable-cabin,NO_EXACT_DUPLICATE_GROUP_IN_RETAINED_AUDIT,OBSERVED_ORGANIC_TRAFFIC,/product/security-cabins,OVERLAPS_FAMILY_OR_NEARBY_OWNER /product/security-cabins; intent-level review required,OWNER_DECISION_REQUIRED,"Temporary containment only. OBSERVED_ORGANIC_TRAFFIC; 431 retained crawl source pages linked here; closest approved owner: /product/security-cabins. Review conversions, backlinks, content and exact intent before KEEP, 301 or 410.",NOINDEX_FOLLOW_AND_DISCOVERY_SITEMAP_EXCLUSION_ON_SEPARATE_BRANCH,PENDING_OWNER_REVIEW,
https://www.samanportable.com/product/security-cabins/security-guard-cabin,200,Security Guard Cabin │ Pre-Built 6×6×9 ft │ SAMAN Portable,Security Guard Cabin,https://www.samanportable.com/product/security-cabins/security-guard-cabin,"index, follow",,INCLUDED_CURRENT,INCLUDED_CURRENT,INCLUDED,13,2068,21.85,2026-08-11T12:45:15Z,NOT_AVAILABLE,NOT_AVAILABLE,6,NOT_AVAILABLE_IN_RETAINED_EVIDENCE,https://www.samanportable.com/product-category/security-cabins | https://www.samanportable.com/product/security-cabins/prefabricated-security-cabin | https://www.samanportable.com/product/security-cabins,NO_EXACT_DUPLICATE_GROUP_IN_RETAINED_AUDIT,OBSERVED_ORGANIC_TRAFFIC,/product/security-cabins,OVERLAPS_FAMILY_OR_NEARBY_OWNER /product/security-cabins; intent-level review required,OWNER_DECISION_REQUIRED,"Temporary containment only. OBSERVED_ORGANIC_TRAFFIC; 6 retained crawl source pages linked here; closest approved owner: /product/security-cabins. Review conversions, backlinks, content and exact intent before KEEP, 301 or 410.",NOINDEX_FOLLOW_AND_DISCOVERY_SITEMAP_EXCLUSION_ON_SEPARATE_BRANCH,PENDING_OWNER_REVIEW,
https://www.samanportable.com/product/wall-sheet,200,"Wall Sheets: PVC, UV Marble, Fluted & WPC Panels | SAMAN","Wall Sheets: PVC, UV Marble, Fluted and WPC Panels, Compared Honestly",https://www.samanportable.com/product/wall-sheet,"index, follow",,INCLUDED_CURRENT,INCLUDED_CURRENT,INCLUDED,,,,2026-08-11T12:45:15Z,NOT_AVAILABLE,NOT_AVAILABLE,2,NOT_AVAILABLE_IN_RETAINED_EVIDENCE,https://www.samanportable.com/ | https://www.samanportable.com/product-category/wall-sheets,NO_EXACT_DUPLICATE_GROUP_IN_RETAINED_AUDIT,UNKNOWN_NO_RETAINED_GSC,OWNER_MAPPING_REQUIRED,AMBIGUOUS_OWNER; near-duplication requires owner review,OWNER_DECISION_REQUIRED,"Temporary containment only. UNKNOWN_NO_RETAINED_GSC; 2 retained crawl source pages linked here; closest approved owner: OWNER_MAPPING_REQUIRED. Review conversions, backlinks, content and exact intent before KEEP, 301 or 410.",NOINDEX_FOLLOW_AND_DISCOVERY_SITEMAP_EXCLUSION_ON_SEPARATE_BRANCH,PENDING_OWNER_REVIEW,
https://www.samanportable.com/product-category/container-offices,200,Container Office Types & Range – Pre-Built | SAMAN,Container Offices,https://www.samanportable.com/product-category/container-offices,"index, follow",,INCLUDED_CURRENT,INCLUDED_CURRENT,INCLUDED,8,3310,14.22,2026-08-11T12:45:15Z,NOT_AVAILABLE,NOT_AVAILABLE,13,NOT_AVAILABLE_IN_RETAINED_EVIDENCE,https://www.samanportable.com/container-office-in-bangalore | https://www.samanportable.com/container-office-in-ahmedabad | https://www.samanportable.com/container-office-in-chennai,NO_EXACT_DUPLICATE_GROUP_IN_RETAINED_AUDIT,OBSERVED_ORGANIC_TRAFFIC,/product/container-offices,OVERLAPS_FAMILY_OR_NEARBY_OWNER /product/container-offices; intent-level review required,OWNER_DECISION_REQUIRED,"Temporary containment only. OBSERVED_ORGANIC_TRAFFIC; 13 retained crawl source pages linked here; closest approved owner: /product/container-offices. Review conversions, backlinks, content and exact intent before KEEP, 301 or 410.",NOINDEX_FOLLOW_AND_DISCOVERY_SITEMAP_EXCLUSION_ON_SEPARATE_BRANCH,PENDING_OWNER_REVIEW,
https://www.samanportable.com/product-category/wall-sheets,200,Wall Sheets Archives | SAMAN,Wall Sheets,https://www.samanportable.com/product-category/wall-sheets,"index, follow",,INCLUDED_CURRENT,INCLUDED_CURRENT,INCLUDED,,,,2026-08-11T12:45:15Z,NOT_AVAILABLE,NOT_AVAILABLE,0,NOT_AVAILABLE_IN_RETAINED_EVIDENCE,,NO_EXACT_DUPLICATE_GROUP_IN_RETAINED_AUDIT,UNKNOWN_NO_RETAINED_GSC,OWNER_MAPPING_REQUIRED,AMBIGUOUS_OWNER; near-duplication requires owner review,OWNER_DECISION_REQUIRED,"Temporary containment only. UNKNOWN_NO_RETAINED_GSC; 0 retained crawl source pages linked here; closest approved owner: OWNER_MAPPING_REQUIRED. Review conversions, backlinks, content and exact intent before KEEP, 301 or 410.",NOINDEX_FOLLOW_AND_DISCOVERY_SITEMAP_EXCLUSION_ON_SEPARATE_BRANCH,PENDING_OWNER_REVIEW,
