"path","bytes","sha256"
"PC01-REL-05E-APPLICATION-PARITY.md","43","69b59f85c44bd08b059377a72588b73e365b92e1da1fa93933780f975524b9e1"
"PC01-REL-05E-BLOCKED-EXTERNAL-HOSTS.csv","62","715ee72e1a154286a968deb3d9258152b96b84e62df2eedf86ff4b8ec7d50821"
"PC01-REL-05E-ENVIRONMENT.md","1657","31a0e29bb524b719618be2b8d7bd479113689c0fe1ca1203e31ff84ad173e497"
"PC01-REL-05E-LCP-DECOMPOSITION.md","22","4182a8516122ed3a52f685fa72bc97e190d44bbe80f95251b7d9db9dc66180ce"
"PC01-REL-05E-LONG-TASK-REGISTER.csv","88","aed3956a0bd0d70fb91cc733bf9e14407babe53672057d11a050c28ad5304066"
"PC01-REL-05E-NO-CHANGE-VERIFICATION.md","139","9b2e14014642f86a43ca75560cb39b927167d50f2f13817b9a3e68fb33e6d0be"
"PC01-REL-05E-OPTIMIZER-EXPERIMENT.md","75","2f47d90b55d5b90402e0bcb6eabe0ef506aa0c97d636c624a5101b4dbb51bc88"
"PC01-REL-05E-PAIRED-DIFFERENCES.csv","72","8244ea027c838c3f73b3c1b6949b8166ea664d423b12c405d8ff1d17fe929f54"
"PC01-REL-05E-REMOTE-PERFORMANCE-MASTER-REPORT.md","351","c452ffbf43fa195caa73372748a96656c32c1c44e37a9e1628d428f754743ae3"
"PC01-REL-05E-RUN-REGISTER.csv","13","e5985a1920d29efede180ea37b17c453f514a0858c739b127a77fc8782541d46"
"PC01-REL-05E-STATISTICS.csv","85","db224027b2d7eefc143cba7bcf9281cfbe4ce7b51460346631708e501b50ce86"
"build-evidence/A/build.json","93","9df21aaf5deee6f6ddb3b2d0bfac758b6de476bb1c7ebd8c14c427b5ecebed2a"
"build-evidence/B/build.json","93","361b16560d88f3ddbeab4109ae749ed54b86fe64cd02c63679aca20ef042ab57"
"raw/mobile/A/smoke-mobile-A-01/lighthouse.cli.log","1","01ba4719c80b6fe911b091a7c05124b64eeece964e09c058ef8f9805daca546b"
"raw/mobile/A/smoke-mobile-A-01/lighthouse.report-0.devtoolslog.json","663080","7596dcfa13885897e9a72210d788c4d95b54236ce86aef9ecf0269d42b99836f"
"raw/mobile/A/smoke-mobile-A-01/lighthouse.report-0.trace.json","18756970","d6ad0adf6902d8148b80b7e987bd06fbd112af8ebde40e84428074422ccb06f6"
"raw/mobile/A/smoke-mobile-A-01/lighthouse.report.json","1125168","278488ccd3b19e4cb91547c7f407e6109ad19b43a2a03dc93b024325efb8148e"
"server-logs/smoke-mobile-A-01.stderr.log","0","e3b0c44298fc1c149afbf4c8996fb92427ae41e4649b934ca495991b7852b855"
"server-logs/smoke-mobile-A-01.stdout.log","224","6c4b6c496bcef69c818ce72587fe8d0582114e8fc2a245bca85f738d9e629a65"
"summary.json","2073","9cc9109c53efff55e203cdf7e6afee106a4ac495a5bd9c873ebe13b4ee28f9d8"
"system-counters/initial.json","129","9153ff3d66b6e14f5211a95b68c3e5584d3a1951d284c28a713b691090376895"
"system-counters/smoke-mobile-A-01.json","111","f25518597c7f5d6b876829acad8d24f6ba0efd0f46ff7020ca97dbf67a009500"
